month,month_name,regime,policy,picking_workers,packing_workers,dispatch_workers,total_workers,total_orders,urgent_orders,normal_orders,urgent_share,total_sla,urgent_sla,normal_sla,mean_system_time_min,p90_system_time_min,urgent_late_orders,normal_late_orders,estimated_late_cost,estimated_worker_cost,estimated_total_cost,p_urgent_overall,p_urgent_pick,p_urgent_pack,p_urgent_dispatch,decisions_total,decisions_pick,decisions_pack,decisions_dispatch,cost_late_urgent,cost_late_normal,worker_cost_per_hour,hours_per_worker_month
1,January,s111,fifo,1,1,1,3,16812,2040,14772,0.1213,0.0161194384963121,0.0044117647058823,0.0177362577849986,21047.211262788485,38104.776666666665,2031.0,14510.0,113170.0,7200.0,120370.0,,,,,,,,,20.0,5.0,15.0,160.0
1,January,s111,urgent_first,1,1,1,3,16812,2040,14772,0.1213,0.0730430644777539,0.5235294117647059,0.0108313024641213,21086.72646125783,38404.51666666667,972.0,14612.0,92500.0,7200.0,99700.0,,,,,,,,,20.0,5.0,15.0,160.0
1,January,s111,rl3_dqn,1,1,1,3,16812,2040,14772,0.1213,0.1310968355936236,1.0,0.0111020850257243,20906.392466690457,38030.885,0.0,14608.0,73040.0,7200.0,80240.0,0.9961202715809894,0.997067448680352,0.8666666666666667,1.0,2062.0,2046.0,15.0,1.0,20.0,5.0,15.0,160.0
1,January,s211,fifo,2,1,1,4,16812,2040,14772,0.1213,0.1213418986438258,0.0127450980392156,0.136339019767127,3447.593052581489,5601.208333333333,2014.0,12758.0,104070.0,9600.0,113670.0,,,,,,,,,20.0,5.0,15.0,160.0
1,January,s211,urgent_first,2,1,1,4,16812,2040,14772,0.1213,0.2111586961694028,1.0,0.1022204170051448,3460.672689150607,6104.231666666667,0.0,13262.0,66310.0,9600.0,75910.0,,,,,,,,,20.0,5.0,15.0,160.0
1,January,s211,rl3_dqn,2,1,1,4,16812,2040,14772,0.1213,0.2118129907209136,1.0,0.1029650690495532,3505.5589271552067,6214.625,0.0,13251.0,66255.0,9600.0,75855.0,0.9503959012575688,0.9094962104324564,0.995119570522206,1.0,4294.0,2243.0,2049.0,2.0,20.0,5.0,15.0,160.0
1,January,s221,fifo,2,2,1,5,16812,2040,14772,0.1213,0.3110278372591006,0.0392156862745098,0.3485648524235039,1845.6204903243715,3034.935,1960.0,9623.0,87315.0,12000.0,99315.0,,,,,,,,,20.0,5.0,15.0,160.0
1,January,s221,urgent_first,2,2,1,5,16812,2040,14772,0.1213,0.3674161313347608,1.0,0.2800568643379366,1847.2076393845664,3181.6583333333333,0.0,10635.0,53175.0,12000.0,65175.0,,,,,,,,,20.0,5.0,15.0,160.0
1,January,s221,rl3_dqn,2,2,1,5,16812,2040,14772,0.1213,0.3698548655722103,1.0,0.2828323855943677,1839.8687455389008,3188.46,0.0,10594.0,52970.0,12000.0,64970.0,0.6192457016084304,0.6,0.6206896551724138,0.9887005649717514,3606.0,3400.0,29.0,177.0,20.0,5.0,15.0,160.0
1,January,s311,fifo,3,1,1,5,16812,2040,14772,0.1213,0.1200333095408041,0.0127450980392156,0.1348497156783103,3507.082434174002,5760.038333333334,2014.0,12780.0,104180.0,12000.0,116180.0,,,,,,,,,20.0,5.0,15.0,160.0
1,January,s311,urgent_first,3,1,1,5,16812,2040,14772,0.1213,0.211753509398049,1.0,0.1028973734091524,3455.350037671504,6125.433333333333,0.0,13252.0,66260.0,12000.0,78260.0,,,,,,,,,20.0,5.0,15.0,160.0
1,January,s311,rl3_dqn,3,1,1,5,16812,2040,14772,0.1213,0.2106233642636212,1.0,0.101611156241538,3525.777394123245,6259.545,0.0,13271.0,66355.0,12000.0,78355.0,0.9593668792818332,0.9214970333181196,1.0,1.0,4233.0,2191.0,2040.0,2.0,20.0,5.0,15.0,160.0
1,January,s321,fifo,3,2,1,6,16812,2040,14772,0.1213,0.9145253390435404,0.2955882352941176,1.0,389.20899952414936,685.7799999999999,1437.0,0.0,28740.0,14400.0,43140.0,,,,,,,,,20.0,5.0,15.0,160.0
1,January,s321,urgent_first,3,2,1,6,16812,2040,14772,0.1213,1.0,1.0,1.0,388.4120895788722,698.695,0.0,0.0,0.0,14400.0,14400.0,,,,,,,,,20.0,5.0,15.0,160.0
1,January,s321,rl3_dqn,3,2,1,6,16812,2040,14772,0.1213,1.0,1.0,1.0,387.371899040368,696.8316666666667,0.0,0.0,0.0,14400.0,14400.0,0.4723978086809945,0.3609076290870109,0.7417027417027418,1.0,7119.0,5597.0,693.0,829.0,20.0,5.0,15.0,160.0
1,January,s222,fifo,2,2,2,6,16812,2040,14772,0.1213,0.3085296216987865,0.0397058823529411,0.3456539398862713,1863.921648227457,3073.373333333333,1959.0,9666.0,87510.0,14400.0,101910.0,,,,,,,,,20.0,5.0,15.0,160.0
1,January,s222,urgent_first,2,2,2,6,16812,2040,14772,0.1213,0.3681299072091363,1.0,0.2808692120227457,1847.300949718455,3189.0616666666665,0.0,10623.0,53115.0,14400.0,67515.0,,,,,,,,,20.0,5.0,15.0,160.0
1,January,s222,rl3_dqn,2,2,2,6,16812,2040,14772,0.1213,0.367237687366167,1.0,0.2798537774167343,1858.2022731778889,3234.378333333333,0.0,10638.0,53190.0,14400.0,67590.0,0.610224586288416,0.6096832038254633,0.5806451612903226,1.0,3384.0,3346.0,31.0,7.0,20.0,5.0,15.0,160.0
1,January,s332,fifo,3,3,2,8,16812,2040,14772,0.1213,0.9144658577206756,0.2950980392156863,1.0,388.5643211198351,685.115,1438.0,0.0,28760.0,19200.0,47960.0,,,,,,,,,20.0,5.0,15.0,160.0
1,January,s332,urgent_first,3,3,2,8,16812,2040,14772,0.1213,1.0,1.0,1.0,389.4794442461734,702.1699999999998,0.0,0.0,0.0,19200.0,19200.0,,,,,,,,,20.0,5.0,15.0,160.0
1,January,s332,rl3_dqn,3,3,2,8,16812,2040,14772,0.1213,1.0,1.0,1.0,382.1714420255373,691.6116666666667,0.0,0.0,0.0,19200.0,19200.0,0.3835791006735846,0.3741206960385042,0.8974358974358975,0.9807692307692308,5493.0,5402.0,39.0,52.0,20.0,5.0,15.0,160.0
2,February,s111,fifo,1,1,1,3,15411,1882,13529,0.1221,0.0179741742910907,0.0058448459086078,0.0196614679577204,21833.785078839792,37821.73333333333,1871.0,13263.0,103735.0,7200.0,110935.0,,,,,,,,,20.0,5.0,15.0,160.0
2,February,s111,urgent_first,1,1,1,3,15411,1882,13529,0.1221,0.0825384465641425,0.5834218916046758,0.0128612609948998,21724.069813769383,37834.4,784.0,13355.0,82455.0,7200.0,89655.0,,,,,,,,,20.0,5.0,15.0,160.0
2,February,s111,rl3_dqn,1,1,1,3,15411,1882,13529,0.1221,0.133605865939913,1.0,0.0130830068741222,21673.093631172535,37908.36666666667,0.0,13352.0,66760.0,7200.0,73960.0,0.9973628691983122,0.9978791092258747,0.8333333333333334,1.0,1896.0,1886.0,6.0,4.0,20.0,5.0,15.0,160.0
2,February,s211,fifo,2,1,1,4,15411,1882,13529,0.1221,0.0595678411524235,0.0111583421891604,0.0663020178875009,4064.0297028096816,6188.283333333334,1861.0,12632.0,100380.0,9600.0,109980.0,,,,,,,,,20.0,5.0,15.0,160.0
2,February,s211,urgent_first,2,1,1,4,15411,1882,13529,0.1221,0.1489844915969113,1.0,0.0306009313326927,4094.8677611230073,6515.4,0.0,13115.0,65575.0,9600.0,75175.0,,,,,,,,,20.0,5.0,15.0,160.0
2,February,s211,rl3_dqn,2,1,1,4,15411,1882,13529,0.1221,0.1511907079358899,1.0,0.0331140512972133,4062.189933597214,6505.216666666666,0.0,13081.0,65405.0,9600.0,75005.0,0.9766112266112266,0.9542450432130148,1.0,1.0,3848.0,1967.0,1879.0,2.0,20.0,5.0,15.0,160.0
2,February,s221,fifo,2,2,1,5,15411,1882,13529,0.1221,0.2538446564142496,0.0414452709883103,0.2833912336462414,1975.3394923539463,3108.15,1804.0,9695.0,84555.0,12000.0,96555.0,,,,,,,,,20.0,5.0,15.0,160.0
2,February,s221,urgent_first,2,2,1,5,15411,1882,13529,0.1221,0.3082214002984881,1.0,0.211989060536625,1971.2966106460751,3240.7,0.0,10661.0,53305.0,12000.0,65305.0,,,,,,,,,20.0,5.0,15.0,160.0
2,February,s221,rl3_dqn,2,2,1,5,15411,1882,13529,0.1221,0.3065342936863279,1.0,0.2100672629166974,1968.6709936625352,3233.35,0.0,10687.0,53435.0,12000.0,65435.0,0.6410015649452269,0.6227604512276045,0.5789473684210527,0.9876543209876544,3195.0,3014.0,19.0,162.0,20.0,5.0,15.0,160.0
2,February,s311,fifo,3,1,1,5,15411,1882,13529,0.1221,0.0552202971903186,0.0111583421891604,0.0613496932515337,4096.65121882638,6158.966666666666,1861.0,12699.0,100715.0,12000.0,112715.0,,,,,,,,,20.0,5.0,15.0,160.0
2,February,s311,urgent_first,3,1,1,5,15411,1882,13529,0.1221,0.1506067094932191,1.0,0.0324488136595461,4062.9970389116,6487.816666666667,0.0,13090.0,65450.0,12000.0,77450.0,,,,,,,,,20.0,5.0,15.0,160.0
2,February,s311,rl3_dqn,3,1,1,5,15411,1882,13529,0.1221,0.1526831484004931,1.0,0.0348141030379185,4067.3186165725774,6511.85,0.0,13058.0,65290.0,12000.0,77290.0,0.9702226825479028,0.941919191919192,1.0,1.0,3862.0,1980.0,1881.0,1.0,20.0,5.0,15.0,160.0
2,February,s321,fifo,3,2,1,6,15411,1882,13529,0.1221,0.9130491207579002,0.2879914984059511,1.0,396.0768422987909,712.5333333333333,1340.0,0.0,26800.0,14400.0,41200.0,,,,,,,,,20.0,5.0,15.0,160.0
2,February,s321,urgent_first,3,2,1,6,15411,1882,13529,0.1221,1.0,1.0,1.0,403.54449527393854,741.8666666666667,0.0,0.0,0.0,14400.0,14400.0,,,,,,,,,20.0,5.0,15.0,160.0
2,February,s321,rl3_dqn,3,2,1,6,15411,1882,13529,0.1221,1.0,1.0,1.0,389.8220935262691,726.1333333333333,0.0,0.0,0.0,14400.0,14400.0,0.4626975919633624,0.3453264094955489,0.8298887122416534,1.0,6769.0,5392.0,629.0,748.0,20.0,5.0,15.0,160.0
2,February,s222,fifo,2,2,2,6,15411,1882,13529,0.1221,0.2565699824800467,0.0414452709883103,0.2864956759553552,1969.2397757013389,3103.2833333333333,1804.0,9653.0,84345.0,14400.0,98745.0,,,,,,,,,20.0,5.0,15.0,160.0
2,February,s222,urgent_first,2,2,2,6,15411,1882,13529,0.1221,0.3101031730582052,1.0,0.214132604035775,1967.8333906516991,3265.866666666667,0.0,10632.0,53160.0,14400.0,67560.0,,,,,,,,,20.0,5.0,15.0,160.0
2,February,s222,rl3_dqn,2,2,2,6,15411,1882,13529,0.1221,0.3067289598338849,1.0,0.2102890087959198,1972.4600534250424,3247.9666666666667,0.0,10684.0,53420.0,14400.0,67820.0,0.6234405778069599,0.6225538971807628,0.6666666666666666,1.0,3046.0,3015.0,27.0,4.0,20.0,5.0,15.0,160.0
2,February,s332,fifo,3,3,2,8,15411,1882,13529,0.1221,0.9130491207579002,0.2879914984059511,1.0,395.5867399909156,711.25,1340.0,0.0,26800.0,19200.0,46000.0,,,,,,,,,20.0,5.0,15.0,160.0
2,February,s332,urgent_first,3,3,2,8,15411,1882,13529,0.1221,1.0,1.0,1.0,397.7950241169728,739.7,0.0,0.0,0.0,19200.0,19200.0,,,,,,,,,20.0,5.0,15.0,160.0
2,February,s332,rl3_dqn,3,3,2,8,15411,1882,13529,0.1221,1.0,1.0,1.0,391.4349836696732,732.7166666666667,0.0,0.0,0.0,19200.0,19200.0,0.3672155971985614,0.3585304866320446,0.7714285714285715,1.0,5283.0,5199.0,35.0,49.0,20.0,5.0,15.0,160.0
3,March,s111,fifo,1,1,1,3,19430,2300,17130,0.1184,0.0145136387030365,0.0026086956521739,0.0161120840630472,29278.52795848345,51055.36166666667,2294.0,16854.0,130150.0,7200.0,137350.0,,,,,,,,,20.0,5.0,15.0,160.0
3,March,s111,urgent_first,1,1,1,3,19430,2300,17130,0.1184,0.0439011837364899,0.3004347826086956,0.0094570928196147,29413.05753216675,51873.295000000006,1609.0,16968.0,117020.0,7200.0,124220.0,,,,,,,,,20.0,5.0,15.0,160.0
3,March,s111,rl3_dqn,1,1,1,3,19430,2300,17130,0.1184,0.126968605249614,1.0,0.009748978400467,29300.467975639047,51814.23166666667,0.0,16963.0,84815.0,7200.0,92015.0,0.998705222270177,0.998697351280938,1.0,1.0,2317.0,2303.0,12.0,2.0,20.0,5.0,15.0,160.0
3,March,s211,fifo,2,1,1,4,19430,2300,17130,0.1184,0.0299536798764796,0.007391304347826,0.0329830706363105,7294.312785211872,11649.285000000003,2283.0,16565.0,128485.0,9600.0,138085.0,,,,,,,,,20.0,5.0,15.0,160.0
3,March,s211,urgent_first,2,1,1,4,19430,2300,17130,0.1184,0.1394235717961914,1.0,0.0238762405137186,7262.427014925372,12300.110000000004,0.0,16721.0,83605.0,9600.0,93205.0,,,,,,,,,20.0,5.0,15.0,160.0
3,March,s211,rl3_dqn,2,1,1,4,19430,2300,17130,0.1184,0.1395779722079259,1.0,0.02405137186223,7264.461275518957,12355.163333333334,0.0,16718.0,83590.0,9600.0,93190.0,0.9745708836617928,0.950413223140496,1.0,1.0,4719.0,2420.0,2296.0,3.0,20.0,5.0,15.0,160.0
3,March,s221,fifo,2,2,1,5,19430,2300,17130,0.1184,0.0474009264024704,0.0082608695652173,0.0526561587857559,4502.3643395093495,6853.125000000001,2281.0,16228.0,126760.0,12000.0,138760.0,,,,,,,,,20.0,5.0,15.0,160.0
3,March,s221,urgent_first,2,2,1,5,19430,2300,17130,0.1184,0.1484817292846114,1.0,0.0341506129597197,4292.471618630982,7014.696666666667,0.0,16545.0,82725.0,12000.0,94725.0,,,,,,,,,20.0,5.0,15.0,160.0
3,March,s221,rl3_dqn,2,2,1,5,19430,2300,17130,0.1184,0.1432835820895522,1.0,0.0282545242265032,4429.7432415508665,7219.343333333333,0.0,16646.0,83230.0,12000.0,95230.0,0.9470274390243902,0.9433962264150944,0.9629629629629628,1.0,2624.0,2438.0,27.0,159.0,20.0,5.0,15.0,160.0
3,March,s311,fifo,3,1,1,5,19430,2300,17130,0.1184,0.0299022130725681,0.007391304347826,0.0329246935201401,7221.958622405215,11538.505,2283.0,16566.0,128490.0,12000.0,140490.0,,,,,,,,,20.0,5.0,15.0,160.0
3,March,s311,urgent_first,3,1,1,5,19430,2300,17130,0.1184,0.1398867730313947,1.0,0.0244016345592527,7275.209140504375,12399.011666666667,0.0,16712.0,83560.0,12000.0,95560.0,,,,,,,,,20.0,5.0,15.0,160.0
3,March,s311,rl3_dqn,3,1,1,5,19430,2300,17130,0.1184,0.1396809058157488,1.0,0.0241681260945709,7167.877213930347,12245.381666666668,0.0,16716.0,83580.0,12000.0,95580.0,0.9639412997903564,0.9303643724696355,1.0,0.0,4770.0,2470.0,2300.0,0.0,20.0,5.0,15.0,160.0
3,March,s321,fifo,3,2,1,6,19430,2300,17130,0.1184,0.8879567678847143,0.0534782608695652,1.0,737.3166477955053,1099.8300000000002,2177.0,0.0,43540.0,14400.0,57940.0,,,,,,,,,20.0,5.0,15.0,160.0
3,March,s321,urgent_first,3,2,1,6,19430,2300,17130,0.1184,0.9963973237261966,1.0,0.9959136018680678,755.3040770286499,1215.0266666666669,0.0,70.0,350.0,14400.0,14750.0,,,,,,,,,20.0,5.0,15.0,160.0
3,March,s321,rl3_dqn,3,2,1,6,19430,2300,17130,0.1184,0.99547092125579,1.0,0.9948628137769994,741.9165011151141,1197.36,0.0,88.0,440.0,14400.0,14840.0,0.3407826409495549,0.261368804001819,0.4068322981366459,0.961839530332681,10784.0,8796.0,966.0,1022.0,20.0,5.0,15.0,160.0
3,March,s222,fifo,2,2,2,6,19430,2300,17130,0.1184,0.0483273288728769,0.0082608695652173,0.0537069468768242,4467.714542803225,6809.426666666667,2281.0,16210.0,126670.0,14400.0,141070.0,,,,,,,,,20.0,5.0,15.0,160.0
3,March,s222,urgent_first,2,2,2,6,19430,2300,17130,0.1184,0.144981986618631,1.0,0.0301809690601284,4380.152851260937,7166.78,0.0,16613.0,83065.0,14400.0,97465.0,,,,,,,,,20.0,5.0,15.0,160.0
3,March,s222,rl3_dqn,2,2,2,6,19430,2300,17130,0.1184,0.1436438497169326,1.0,0.0286631640396964,4411.13197032081,7250.82,0.0,16639.0,83195.0,14400.0,97595.0,0.9377009646302252,0.9372453137734312,0.9655172413793104,1.0,2488.0,2454.0,29.0,5.0,20.0,5.0,15.0,160.0
3,March,s332,fifo,3,3,2,8,19430,2300,17130,0.1184,0.8880082346886259,0.0539130434782608,1.0,742.962197632527,1106.9716666666668,2176.0,0.0,43520.0,19200.0,62720.0,,,,,,,,,20.0,5.0,15.0,160.0
3,March,s332,urgent_first,3,3,2,8,19430,2300,17130,0.1184,0.99547092125579,1.0,0.9948628137769994,742.0718699605421,1202.9416666666668,0.0,88.0,440.0,19200.0,19640.0,,,,,,,,,20.0,5.0,15.0,160.0
3,March,s332,rl3_dqn,3,3,2,8,19430,2300,17130,0.1184,0.9950591868244982,1.0,0.9943957968476356,748.422129867902,1195.4233333333336,0.0,96.0,480.0,19200.0,19680.0,0.2666516398061535,0.2620540294084121,0.3333333333333333,0.9807692307692308,8873.0,8773.0,48.0,52.0,20.0,5.0,15.0,160.0
4,April,s111,fifo,1,1,1,3,19272,2316,16956,0.1202,0.014736405147364,0.0025906735751295,0.0163953762679877,28096.8889796942,49896.57833333333,2310.0,16678.0,129590.0,7200.0,136790.0,,,,,,,,,20.0,5.0,15.0,160.0
4,April,s111,urgent_first,1,1,1,3,19272,2316,16956,0.1202,0.0506434205064342,0.3488773747841105,0.0099079971691436,28068.82191867303,49989.94833333334,1508.0,16788.0,114100.0,7200.0,121300.0,,,,,,,,,20.0,5.0,15.0,160.0
4,April,s111,rl3_dqn,1,1,1,3,19272,2316,16956,0.1202,0.1292548775425487,1.0,0.0103208303845246,28278.891276636223,50570.403333333335,0.0,16781.0,83905.0,7200.0,91105.0,0.9953031596925704,0.99527288354104,1.0,0.0,2342.0,2327.0,15.0,0.0,20.0,5.0,15.0,160.0
4,April,s211,fifo,2,1,1,4,19272,2316,16956,0.1202,0.064082606890826,0.0103626943005181,0.0714201462609105,6049.858744984088,10494.38,2292.0,15745.0,124565.0,9600.0,134165.0,,,,,,,,,20.0,5.0,15.0,160.0
4,April,s211,urgent_first,2,1,1,4,19272,2316,16956,0.1202,0.1607513491075134,1.0,0.0461193677754187,6169.89746609935,11410.673333333334,0.0,16174.0,80870.0,9600.0,90470.0,,,,,,,,,20.0,5.0,15.0,160.0
4,April,s211,rl3_dqn,2,1,1,4,19272,2316,16956,0.1202,0.1631901203819012,1.0,0.0488912479358339,6075.231058011624,11335.176666666668,0.0,16127.0,80635.0,9600.0,90235.0,0.9552761747732894,0.9186507936507936,0.9948453608247424,1.0,4852.0,2520.0,2328.0,4.0,20.0,5.0,15.0,160.0
4,April,s221,fifo,2,2,1,5,19272,2316,16956,0.1202,0.1000415110004151,0.0142487046632124,0.1117598490209955,3893.831482634565,6494.700000000001,2283.0,15061.0,120965.0,12000.0,132965.0,,,,,,,,,20.0,5.0,15.0,160.0
4,April,s221,urgent_first,2,2,1,5,19272,2316,16956,0.1202,0.1866957243669572,1.0,0.0756074545883463,3835.6132177943823,6770.233333333335,0.0,15674.0,78370.0,12000.0,90370.0,,,,,,,,,20.0,5.0,15.0,160.0
4,April,s221,rl3_dqn,2,2,1,5,19272,2316,16956,0.1202,0.1846720630967206,1.0,0.0733073838169379,3881.311894631244,6872.25,0.0,15713.0,78565.0,12000.0,90565.0,0.8867791842475387,0.8795592705167173,0.875,1.0,2844.0,2632.0,40.0,172.0,20.0,5.0,15.0,160.0
4,April,s311,fifo,3,1,1,5,19272,2316,16956,0.1202,0.0635118306351183,0.0103626943005181,0.0707714083510261,5989.64772813754,10353.993333333334,2292.0,15756.0,124620.0,12000.0,136620.0,,,,,,,,,20.0,5.0,15.0,160.0
4,April,s311,urgent_first,3,1,1,5,19272,2316,16956,0.1202,0.1614777916147779,1.0,0.0469450342061807,6092.075089075688,11311.496666666666,0.0,16160.0,80800.0,12000.0,92800.0,,,,,,,,,20.0,5.0,15.0,160.0
4,April,s311,rl3_dqn,3,1,1,5,19272,2316,16956,0.1202,0.1635014528850145,1.0,0.049245104977589,6036.783571156774,11261.203333333337,0.0,16121.0,80605.0,12000.0,92605.0,0.928041691721788,0.8655934107076001,1.0,1.0,4989.0,2671.0,2316.0,2.0,20.0,5.0,15.0,160.0
4,April,s321,fifo,3,2,1,6,19272,2316,16956,0.1202,0.8880240763802407,0.0682210708117443,1.0,722.8527137816521,1097.3783333333336,2158.0,0.0,43160.0,14400.0,57560.0,,,,,,,,,20.0,5.0,15.0,160.0
4,April,s321,urgent_first,3,2,1,6,19272,2316,16956,0.1202,0.988428808634288,1.0,0.9868483132814344,734.6604737442923,1208.8483333333334,0.0,223.0,1115.0,14400.0,15515.0,,,,,,,,,20.0,5.0,15.0,160.0
4,April,s321,rl3_dqn,3,2,1,6,19272,2316,16956,0.1202,0.9895184723951848,1.0,0.9880868129275772,736.7122180711222,1210.1950000000002,0.0,202.0,1010.0,14400.0,15410.0,0.3386608662757707,0.2673530772790375,0.3404710920770878,0.9558232931726908,10574.0,8644.0,934.0,996.0,20.0,5.0,15.0,160.0
4,April,s222,fifo,2,2,2,6,19272,2316,16956,0.1202,0.1010792860107928,0.0146804835924006,0.1128803963198867,3840.662258717309,6383.37,2282.0,15042.0,120850.0,14400.0,135250.0,,,,,,,,,20.0,5.0,15.0,160.0
4,April,s222,urgent_first,2,2,2,6,19272,2316,16956,0.1202,0.1838937318389373,1.0,0.0724227412125501,3861.225896810572,6796.865,0.0,15728.0,78640.0,14400.0,93040.0,,,,,,,,,20.0,5.0,15.0,160.0
4,April,s222,rl3_dqn,2,2,2,6,19272,2316,16956,0.1202,0.1820257368202573,1.0,0.0702995989620193,3885.975151342189,6879.691666666667,0.0,15764.0,78820.0,14400.0,93220.0,0.8815396113602392,0.8798935765868491,0.9736842105263158,1.0,2676.0,2631.0,38.0,7.0,20.0,5.0,15.0,160.0
4,April,s332,fifo,3,3,2,8,19272,2316,16956,0.1202,0.8881797426317974,0.0695164075993091,1.0,718.2811393039988,1096.4000000000003,2155.0,0.0,43100.0,19200.0,62300.0,,,,,,,,,20.0,5.0,15.0,160.0
4,April,s332,urgent_first,3,3,2,8,19272,2316,16956,0.1202,0.9909713574097136,1.0,0.9897381457891012,732.9700887297635,1198.3233333333335,0.0,174.0,870.0,19200.0,20070.0,,,,,,,,,20.0,5.0,15.0,160.0
4,April,s332,rl3_dqn,3,3,2,8,19272,2316,16956,0.1202,0.9902449149024491,1.0,0.9889124793583391,734.0530700844057,1205.48,0.0,188.0,940.0,19200.0,20140.0,0.2747976878612717,0.2700934579439252,0.3714285714285714,0.9454545454545454,8650.0,8560.0,35.0,55.0,20.0,5.0,15.0,160.0
5,May,s111,fifo,1,1,1,3,20700,2552,18148,0.1233,0.026135265700483,0.0039184952978056,0.0292594225258981,31290.266633655392,57218.74166666667,2542.0,17617.0,138925.0,7200.0,146125.0,,,,,,,,,20.0,5.0,15.0,160.0
5,May,s111,urgent_first,1,1,1,3,20700,2552,18148,0.1233,0.0484057971014492,0.2605799373040752,0.0185695393431783,31403.050575684385,57543.86666666667,1887.0,17811.0,126795.0,7200.0,133995.0,,,,,,,,,20.0,5.0,15.0,160.0
5,May,s111,rl3_dqn,1,1,1,3,20700,2552,18148,0.1233,0.1388405797101449,0.9949059561128528,0.0184593343619131,31210.0062141707,57418.20666666667,13.0,17813.0,89325.0,7200.0,96525.0,0.9968786578228638,0.9968737788198516,1.0,0.0,2563.0,2559.0,4.0,0.0,20.0,5.0,15.0,160.0
5,May,s211,fifo,2,1,1,4,20700,2552,18148,0.1233,0.054927536231884,0.0082288401253918,0.0614943795459554,9544.183355877616,16614.28666666667,2531.0,17032.0,135780.0,9600.0,145380.0,,,,,,,,,20.0,5.0,15.0,160.0
5,May,s211,urgent_first,2,1,1,4,20700,2552,18148,0.1233,0.1669565217391304,0.984717868338558,0.0519616486665197,9618.18263285024,17163.353333333336,39.0,17205.0,86805.0,9600.0,96405.0,,,,,,,,,20.0,5.0,15.0,160.0
5,May,s211,rl3_dqn,2,1,1,4,20700,2552,18148,0.1233,0.1689371980676328,1.0,0.0520718536477848,9621.762068438004,17238.685000000005,0.0,17203.0,86015.0,9600.0,95615.0,0.9608286252354048,0.9317019722425128,0.9918351477449456,0.0,5310.0,2738.0,2572.0,0.0,20.0,5.0,15.0,160.0
5,May,s221,fifo,2,2,1,5,20700,2552,18148,0.1233,0.066135265700483,0.0109717868338558,0.0738924399382852,6804.499564412239,11454.79166666667,2524.0,16807.0,134515.0,12000.0,146515.0,,,,,,,,,20.0,5.0,15.0,160.0
5,May,s221,urgent_first,2,2,1,5,20700,2552,18148,0.1233,0.1758454106280193,0.9713949843260188,0.0639739916244214,6936.883173107891,12453.196666666669,73.0,16987.0,86395.0,12000.0,98395.0,,,,,,,,,20.0,5.0,15.0,160.0
5,May,s221,rl3_dqn,2,2,1,5,20700,2552,18148,0.1233,0.178647342995169,1.0,0.0631474542649327,6873.65608615137,12403.06,0.0,17002.0,85010.0,12000.0,97010.0,0.926372155287818,0.9209386281588448,0.972972972972973,1.0,2988.0,2770.0,37.0,181.0,20.0,5.0,15.0,160.0
5,May,s311,fifo,3,1,1,5,20700,2552,18148,0.1233,0.0551207729468599,0.0086206896551724,0.0616596870178532,9771.57516988728,16943.12666666667,2530.0,17029.0,135745.0,12000.0,147745.0,,,,,,,,,20.0,5.0,15.0,160.0
5,May,s311,urgent_first,3,1,1,5,20700,2552,18148,0.1233,0.1673913043478261,0.9882445141065832,0.0519616486665197,9658.25354830918,17288.713333333337,30.0,17205.0,86625.0,12000.0,98625.0,,,,,,,,,20.0,5.0,15.0,160.0
5,May,s311,rl3_dqn,3,1,1,5,20700,2552,18148,0.1233,0.1695169082125603,1.0,0.0527330835353758,9629.947526570048,17292.375,0.0,17191.0,85955.0,12000.0,97955.0,0.938489871086556,0.8839471855455178,1.0,1.0,5430.0,2878.0,2550.0,2.0,20.0,5.0,15.0,160.0
5,May,s321,fifo,3,2,1,6,20700,2552,18148,0.1233,0.5432850241545893,0.0501567398119122,0.6126294908529866,1216.9292359098229,1859.0966666666668,2424.0,7030.0,83630.0,14400.0,98030.0,,,,,,,,,20.0,5.0,15.0,160.0
5,May,s321,urgent_first,3,2,1,6,20700,2552,18148,0.1233,0.5489855072463768,1.0,0.4855631474542649,1207.7385241545894,1997.486666666667,0.0,9336.0,46680.0,14400.0,61080.0,,,,,,,,,20.0,5.0,15.0,160.0
5,May,s321,rl3_dqn,3,2,1,6,20700,2552,18148,0.1233,0.547584541062802,1.0,0.4839651752259202,1214.739270531401,2024.8150000000007,0.0,9365.0,46825.0,14400.0,61225.0,0.4036187930502724,0.3304325237043772,0.3637284701114488,0.9827089337175792,9727.0,7699.0,987.0,1041.0,20.0,5.0,15.0,160.0
5,May,s222,fifo,2,2,2,6,20700,2552,18148,0.1233,0.0659903381642512,0.0109717868338558,0.0737271324663874,6850.876577294686,11487.355,2524.0,16810.0,134530.0,14400.0,148930.0,,,,,,,,,20.0,5.0,15.0,160.0
5,May,s222,urgent_first,2,2,2,6,20700,2552,18148,0.1233,0.1775362318840579,0.9745297805642632,0.0654617588715009,6870.837041867954,12336.368333333334,65.0,16960.0,86100.0,14400.0,100500.0,,,,,,,,,20.0,5.0,15.0,160.0
5,May,s222,rl3_dqn,2,2,2,6,20700,2552,18148,0.1233,0.1796618357487922,1.0,0.0643046065682168,6866.756937198067,12379.321666666669,0.0,16981.0,84905.0,14400.0,99305.0,0.9199428162973552,0.9199423007573024,0.9166666666666666,1.0,2798.0,2773.0,24.0,1.0,20.0,5.0,15.0,160.0
5,May,s332,fifo,3,3,2,8,20700,2552,18148,0.1233,0.5620289855072463,0.0501567398119122,0.6340092572184263,1199.9316062801931,1837.2516666666668,2424.0,6642.0,81690.0,19200.0,100890.0,,,,,,,,,20.0,5.0,15.0,160.0
5,May,s332,urgent_first,3,3,2,8,20700,2552,18148,0.1233,0.5590821256038647,1.0,0.4970795679964734,1196.1581296296297,1982.756666666667,0.0,9127.0,45635.0,19200.0,64835.0,,,,,,,,,20.0,5.0,15.0,160.0
5,May,s332,rl3_dqn,3,3,2,8,20700,2552,18148,0.1233,0.5621256038647343,1.0,0.5005510249063257,1198.2310515297906,1994.735,0.0,9064.0,45320.0,19200.0,64520.0,0.3310284133769173,0.324531190202832,0.56,0.9384615384615383,7954.0,7839.0,50.0,65.0,20.0,5.0,15.0,160.0
6,June,s111,fifo,1,1,1,3,19761,2419,17342,0.1224,0.0139162997823996,0.0028937577511368,0.0154538115557605,29654.592176509286,52178.71666666667,2412.0,17074.0,133610.0,7200.0,140810.0,,,,,,,,,20.0,5.0,15.0,160.0
6,June,s111,urgent_first,1,1,1,3,19761,2419,17342,0.1224,0.050452912302009,0.3571723852831748,0.0076692423019259,29930.04928394312,53156.7,1555.0,17209.0,117145.0,7200.0,124345.0,,,,,,,,,20.0,5.0,15.0,160.0
6,June,s111,rl3_dqn,1,1,1,3,19761,2419,17342,0.1224,0.1302059612367795,1.0,0.0088801752969669,29627.613242413507,52778.66666666666,0.0,17188.0,85940.0,7200.0,93140.0,1.0,1.0,1.0,0.0,2424.0,2419.0,5.0,0.0,20.0,5.0,15.0,160.0
6,June,s211,fifo,2,1,1,4,19761,2419,17342,0.1224,0.0327412580335003,0.0049607275733774,0.0366163072309998,7358.192955822074,12056.016666666666,2407.0,16707.0,131675.0,9600.0,141275.0,,,,,,,,,20.0,5.0,15.0,160.0
6,June,s211,urgent_first,2,1,1,4,19761,2419,17342,0.1224,0.1436162137543646,1.0,0.0241609964248644,7398.638994315402,12699.0,0.0,16923.0,84615.0,9600.0,94215.0,,,,,,,,,20.0,5.0,15.0,160.0
6,June,s211,rl3_dqn,2,1,1,4,19761,2419,17342,0.1224,0.1433125853954759,1.0,0.0238150155691385,7339.171378810114,12648.35,0.0,16929.0,84645.0,9600.0,94245.0,0.9785381656205708,0.9583993660855784,0.9995854063018242,1.0,4939.0,2524.0,2412.0,3.0,20.0,5.0,15.0,160.0
6,June,s221,fifo,2,2,1,5,19761,2419,17342,0.1224,0.0557664085825616,0.0053741215378255,0.0627955253142659,4608.405456032927,7183.683333333333,2406.0,16253.0,129385.0,12000.0,141385.0,,,,,,,,,20.0,5.0,15.0,160.0
6,June,s221,urgent_first,2,2,1,5,19761,2419,17342,0.1224,0.1561155811952836,1.0,0.0384038749855841,4535.005113607612,7687.25,0.0,16676.0,83380.0,12000.0,95380.0,,,,,,,,,20.0,5.0,15.0,160.0
6,June,s221,rl3_dqn,2,2,1,5,19761,2419,17342,0.1224,0.1528768787004706,1.0,0.0347134125245069,4558.045890052798,7693.0,0.0,16740.0,83700.0,12000.0,95700.0,0.950398262128892,0.947884012539185,0.8947368421052632,1.0,2762.0,2552.0,38.0,172.0,20.0,5.0,15.0,160.0
6,June,s311,fifo,3,1,1,5,19761,2419,17342,0.1224,0.0332473052983148,0.0049607275733774,0.0371929419905431,7424.318772666699,12172.15,2407.0,16697.0,131625.0,12000.0,143625.0,,,,,,,,,20.0,5.0,15.0,160.0
6,June,s311,urgent_first,3,1,1,5,19761,2419,17342,0.1224,0.1432619806689944,1.0,0.0237573520931841,7399.923590236661,12660.433333333332,0.0,16930.0,84650.0,12000.0,96650.0,,,,,,,,,20.0,5.0,15.0,160.0
6,June,s311,rl3_dqn,3,1,1,5,19761,2419,17342,0.1224,0.1440210515662162,1.0,0.0246223042324991,7342.548955855811,12632.366666666669,0.0,16915.0,84575.0,12000.0,96575.0,0.963375796178344,0.9292579777008844,1.0,1.0,5024.0,2601.0,2419.0,4.0,20.0,5.0,15.0,160.0
6,June,s321,fifo,3,2,1,6,19761,2419,17342,0.1224,0.8844188047163605,0.055808185200496,1.0,805.2720054653105,1184.3166666666666,2284.0,0.0,45680.0,14400.0,60080.0,,,,,,,,,20.0,5.0,15.0,160.0
6,June,s321,urgent_first,3,2,1,6,19761,2419,17342,0.1224,0.975102474571125,1.0,0.9716295698304692,790.9207572153905,1273.4833333333331,0.0,492.0,2460.0,14400.0,16860.0,,,,,,,,,20.0,5.0,15.0,160.0
6,June,s321,rl3_dqn,3,2,1,6,19761,2419,17342,0.1224,0.983705278072972,1.0,0.9814323607427056,774.7452937604372,1244.3333333333333,0.0,322.0,1610.0,14400.0,16010.0,0.3420810313075506,0.2699866011612327,0.380110497237569,0.953953953953954,10860.0,8956.0,905.0,999.0,20.0,5.0,15.0,160.0
6,June,s222,fifo,2,2,2,6,19761,2419,17342,0.1224,0.0554627802236728,0.0053741215378255,0.0624495444585399,4620.353397263972,7199.083333333333,2406.0,16259.0,129415.0,14400.0,143815.0,,,,,,,,,20.0,5.0,15.0,160.0
6,June,s222,urgent_first,2,2,2,6,19761,2419,17342,0.1224,0.156267395374728,1.0,0.0385768654134471,4586.998409324764,7801.1,0.0,16673.0,83365.0,14400.0,97765.0,,,,,,,,,20.0,5.0,15.0,160.0
6,June,s222,rl3_dqn,2,2,2,6,19761,2419,17342,0.1224,0.1529274834269521,1.0,0.0347710760004613,4622.710467587673,7808.916666666667,0.0,16739.0,83695.0,14400.0,98095.0,0.9445940746440938,0.944184231069477,0.9722222222222222,1.0,2599.0,2562.0,36.0,1.0,20.0,5.0,15.0,160.0
6,June,s332,fifo,3,3,2,8,19761,2419,17342,0.1224,0.8848236425282121,0.059115336916081,1.0,789.3226506755731,1168.7166666666667,2276.0,0.0,45520.0,19200.0,64720.0,,,,,,,,,20.0,5.0,15.0,160.0
6,June,s332,urgent_first,3,3,2,8,19761,2419,17342,0.1224,0.9750518698446436,1.0,0.9715719063545152,790.9202064672841,1270.2666666666669,0.0,493.0,2465.0,19200.0,21665.0,,,,,,,,,20.0,5.0,15.0,160.0
6,June,s332,rl3_dqn,3,3,2,8,19761,2419,17342,0.1224,0.9798087141339,1.0,0.976992273094222,783.6146812745643,1259.35,0.0,399.0,1995.0,19200.0,21195.0,0.2753365224162866,0.2716646060469821,0.38,0.9285714285714286,8989.0,8897.0,50.0,42.0,20.0,5.0,15.0,160.0
7,July,s111,fifo,1,1,1,3,14944,1816,13128,0.1215,0.021480192719486,0.0049559471365638,0.0237659963436928,15976.360608493933,28230.546666666665,1807.0,12816.0,100220.0,7200.0,107420.0,,,,,,,,,20.0,5.0,15.0,160.0
7,July,s111,urgent_first,1,1,1,3,14944,1816,13128,0.1215,0.122323340471092,0.8705947136563876,0.0188147471054235,15942.5498494379,28684.92,235.0,12881.0,69105.0,7200.0,76305.0,,,,,,,,,20.0,5.0,15.0,160.0
7,July,s111,rl3_dqn,1,1,1,3,14944,1816,13128,0.1215,0.1381825481798715,1.0,0.0189670932358318,15908.478748438614,28628.573333333334,0.0,12879.0,64395.0,7200.0,71595.0,0.9950792782941498,0.9950657894736842,1.0,0.0,1829.0,1824.0,5.0,0.0,20.0,5.0,15.0,160.0
7,July,s211,fifo,2,1,1,4,14944,1816,13128,0.1215,0.3776097430406852,0.0429515418502202,0.4239031078610603,1611.7183719218417,2617.686666666667,1738.0,7563.0,72575.0,9600.0,82175.0,,,,,,,,,20.0,5.0,15.0,160.0
7,July,s211,urgent_first,2,1,1,4,14944,1816,13128,0.1215,0.4080567451820128,1.0,0.3261730652041438,1610.477164748394,2762.031666666667,0.0,8846.0,44230.0,9600.0,53830.0,,,,,,,,,20.0,5.0,15.0,160.0
7,July,s211,rl3_dqn,2,1,1,4,14944,1816,13128,0.1215,0.409997323340471,1.0,0.328382084095064,1607.3633163811562,2761.93,0.0,8817.0,44085.0,9600.0,53685.0,0.7748344370860927,0.6590330788804071,0.9398340248962656,1.0,4681.0,2751.0,1928.0,2.0,20.0,5.0,15.0,160.0
7,July,s221,fifo,2,2,1,5,14944,1816,13128,0.1215,0.5816381156316917,0.052863436123348,0.6547836684948203,1171.5431287919344,1822.4733333333331,1720.0,4532.0,57060.0,12000.0,69060.0,,,,,,,,,20.0,5.0,15.0,160.0
7,July,s221,urgent_first,2,2,1,5,14944,1816,13128,0.1215,0.5966943254817987,1.0,0.5409049360146252,1158.8145030335477,1953.8166666666664,0.0,6027.0,30135.0,12000.0,42135.0,,,,,,,,,20.0,5.0,15.0,160.0
7,July,s221,rl3_dqn,2,2,1,5,14944,1816,13128,0.1215,0.609274625267666,1.0,0.5552254722730042,1151.8094686830832,1944.215,0.0,5839.0,29195.0,12000.0,41195.0,0.4677832053966038,0.4461122047244094,0.4761904761904761,0.922279792746114,4299.0,4064.0,42.0,193.0,20.0,5.0,15.0,160.0
7,July,s311,fifo,3,1,1,5,14944,1816,13128,0.1215,0.377208244111349,0.0435022026431718,0.4233698964046313,1607.5983895431834,2607.59,1737.0,7570.0,72590.0,12000.0,84590.0,,,,,,,,,20.0,5.0,15.0,160.0
7,July,s311,urgent_first,3,1,1,5,14944,1816,13128,0.1215,0.4085920770877944,1.0,0.3267824497257769,1609.8729456638116,2764.228333333333,0.0,8838.0,44190.0,12000.0,56190.0,,,,,,,,,20.0,5.0,15.0,160.0
7,July,s311,rl3_dqn,3,1,1,5,14944,1816,13128,0.1215,0.411335653104925,1.0,0.3299055453991468,1593.619017665953,2730.4500000000003,0.0,8797.0,43985.0,12000.0,55985.0,0.8449575871819038,0.7287716405605935,1.0,1.0,4244.0,2426.0,1813.0,5.0,20.0,5.0,15.0,160.0
7,July,s321,fifo,3,2,1,6,14944,1816,13128,0.1215,0.9281316916488224,0.408590308370044,1.0,268.7714757316203,484.3483333333334,1074.0,0.0,21480.0,14400.0,35880.0,,,,,,,,,20.0,5.0,15.0,160.0
7,July,s321,urgent_first,3,2,1,6,14944,1816,13128,0.1215,1.0,1.0,1.0,268.7863356531049,510.3683333333333,0.0,0.0,0.0,14400.0,14400.0,,,,,,,,,20.0,5.0,15.0,160.0
7,July,s321,rl3_dqn,3,2,1,6,14944,1816,13128,0.1215,1.0,1.0,1.0,266.4630252944325,503.3316666666668,0.0,0.0,0.0,14400.0,14400.0,0.6766571866112449,0.5458743842364532,0.994392523364486,1.0,4571.0,3248.0,535.0,788.0,20.0,5.0,15.0,160.0
7,July,s222,fifo,2,2,2,6,14944,1816,13128,0.1215,0.5855861884368309,0.052863436123348,0.6592778793418648,1166.7729902748035,1820.55,1720.0,4473.0,56765.0,14400.0,71165.0,,,,,,,,,20.0,5.0,15.0,160.0
7,July,s222,urgent_first,2,2,2,6,14944,1816,13128,0.1215,0.5898688436830836,1.0,0.5331352833638026,1170.631422867595,1980.478333333334,0.0,6129.0,30645.0,14400.0,45045.0,,,,,,,,,20.0,5.0,15.0,160.0
7,July,s222,rl3_dqn,2,2,2,6,14944,1816,13128,0.1215,0.6129550321199143,1.0,0.5594149908592322,1144.661141595289,1933.3683333333336,0.0,5784.0,28920.0,14400.0,43320.0,0.4374255065554231,0.4376055998069032,0.3617021276595745,1.0,4195.0,4143.0,47.0,5.0,20.0,5.0,15.0,160.0
7,July,s332,fifo,3,3,2,8,14944,1816,13128,0.1215,0.9289346895074948,0.4151982378854625,1.0,265.54207151142043,481.345,1062.0,0.0,21240.0,19200.0,40440.0,,,,,,,,,20.0,5.0,15.0,160.0
7,July,s332,urgent_first,3,3,2,8,14944,1816,13128,0.1215,1.0,1.0,1.0,267.1629159975018,508.4516666666667,0.0,0.0,0.0,19200.0,19200.0,,,,,,,,,20.0,5.0,15.0,160.0
7,July,s332,rl3_dqn,3,3,2,8,14944,1816,13128,0.1215,1.0,1.0,1.0,261.83142844396855,500.02833333333336,0.0,0.0,0.0,19200.0,19200.0,0.5891104779993669,0.5777126099706745,0.951219512195122,1.0,3159.0,3069.0,41.0,49.0,20.0,5.0,15.0,160.0
8,August,s111,fifo,1,1,1,3,14038,1704,12334,0.1214,0.0212993303889442,0.005281690140845,0.023512242581482,16790.642294723846,28697.01,1695.0,12044.0,94120.0,7200.0,101320.0,,,,,,,,,20.0,5.0,15.0,160.0
8,August,s111,urgent_first,1,1,1,3,14038,1704,12334,0.1214,0.1062829462886451,0.7541079812206573,0.0167828766012647,16718.834987177663,29194.46166666667,419.0,12127.0,69015.0,7200.0,76215.0,,,,,,,,,20.0,5.0,15.0,160.0
8,August,s111,rl3_dqn,1,1,1,3,14038,1704,12334,0.1214,0.1364866790141045,1.0,0.0171882600940489,16677.131171344445,29155.595,0.0,12122.0,60610.0,7200.0,67810.0,0.9970879440885264,0.9970743124634288,1.0,1.0,1717.0,1709.0,7.0,1.0,20.0,5.0,15.0,160.0
8,August,s211,fifo,2,1,1,4,14038,1704,12334,0.1214,0.3676449636700384,0.0369718309859154,0.4133290092427436,1655.5729591109846,2680.5100000000007,1641.0,7236.0,69000.0,9600.0,78600.0,,,,,,,,,20.0,5.0,15.0,160.0
8,August,s211,urgent_first,2,1,1,4,14038,1704,12334,0.1214,0.4009118107992591,1.0,0.3181449651370196,1657.0625409602508,2871.541666666667,0.0,8410.0,42050.0,9600.0,51650.0,,,,,,,,,20.0,5.0,15.0,160.0
8,August,s211,rl3_dqn,2,1,1,4,14038,1704,12334,0.1214,0.3942869354608919,1.0,0.3106048321712339,1659.9071781355367,2851.3100000000004,0.0,8503.0,42515.0,9600.0,52115.0,0.7821782178217822,0.6851851851851852,0.9117330462863292,1.0,4343.0,2484.0,1858.0,1.0,20.0,5.0,15.0,160.0
8,August,s221,fifo,2,2,1,5,14038,1704,12334,0.1214,0.5804957971220972,0.0475352112676056,0.6541268039565429,1191.8256933561286,1871.6533333333332,1623.0,4266.0,53790.0,12000.0,65790.0,,,,,,,,,20.0,5.0,15.0,160.0
8,August,s221,urgent_first,2,2,1,5,14038,1704,12334,0.1214,0.5884029063969226,1.0,0.5315388357386087,1205.186703946431,2050.9500000000003,0.0,5778.0,28890.0,12000.0,40890.0,,,,,,,,,20.0,5.0,15.0,160.0
8,August,s221,rl3_dqn,2,2,1,5,14038,1704,12334,0.1214,0.6035760079783445,1.0,0.5488081725312145,1172.8181388611863,1987.1733333333336,0.0,5565.0,27825.0,12000.0,39825.0,0.4729278932512188,0.4564226334137838,0.3125,0.9632352941176472,3897.0,3729.0,32.0,136.0,20.0,5.0,15.0,160.0
8,August,s311,fifo,3,1,1,5,14038,1704,12334,0.1214,0.3713491950420288,0.0387323943661971,0.4173017674720285,1646.7970627344828,2666.795,1638.0,7187.0,68695.0,12000.0,80695.0,,,,,,,,,20.0,5.0,15.0,160.0
8,August,s311,urgent_first,3,1,1,5,14038,1704,12334,0.1214,0.3989884598945719,1.0,0.3159558942759851,1657.218163793513,2858.648333333333,0.0,8437.0,42185.0,12000.0,54185.0,,,,,,,,,20.0,5.0,15.0,160.0
8,August,s311,rl3_dqn,3,1,1,5,14038,1704,12334,0.1214,0.3989884598945719,1.0,0.3159558942759851,1641.2197179085338,2814.5950000000003,0.0,8437.0,42185.0,12000.0,54185.0,0.8250978473581213,0.70020964360587,1.0,1.0,4088.0,2385.0,1702.0,1.0,20.0,5.0,15.0,160.0
8,August,s321,fifo,3,2,1,6,14038,1704,12334,0.1214,0.9285510756518024,0.4113849765258216,1.0,284.1780061262288,503.9216666666667,1003.0,0.0,20060.0,14400.0,34460.0,,,,,,,,,20.0,5.0,15.0,160.0
8,August,s321,urgent_first,3,2,1,6,14038,1704,12334,0.1214,1.0,1.0,1.0,285.54206914565225,524.2983333333334,0.0,0.0,0.0,14400.0,14400.0,,,,,,,,,20.0,5.0,15.0,160.0
8,August,s321,rl3_dqn,3,2,1,6,14038,1704,12334,0.1214,1.0,1.0,1.0,284.70424561903405,525.2616666666669,0.0,0.0,0.0,14400.0,14400.0,0.6603260869565217,0.5320165657852819,0.9420560747663552,1.0,4416.0,3139.0,535.0,742.0,20.0,5.0,15.0,160.0
8,August,s222,fifo,2,2,2,6,14038,1704,12334,0.1214,0.5807807379968657,0.0463615023474178,0.6546132641478839,1195.4500581754285,1891.256666666667,1625.0,4260.0,53800.0,14400.0,68200.0,,,,,,,,,20.0,5.0,15.0,160.0
8,August,s222,urgent_first,2,2,2,6,14038,1704,12334,0.1214,0.5906111981763784,1.0,0.5340522133938707,1199.4212304696775,2039.4066666666672,0.0,5747.0,28735.0,14400.0,43135.0,,,,,,,,,20.0,5.0,15.0,160.0
8,August,s222,rl3_dqn,2,2,2,6,14038,1704,12334,0.1214,0.5932469012679868,1.0,0.5370520512404735,1189.644914992639,2010.6183333333336,0.0,5710.0,28550.0,14400.0,42950.0,0.4692265795206972,0.4684833470960639,0.4857142857142857,1.0,3672.0,3633.0,35.0,4.0,20.0,5.0,15.0,160.0
8,August,s332,fifo,3,3,2,8,14038,1704,12334,0.1214,0.9277674882461888,0.4049295774647887,1.0,285.2853647243197,501.6000000000002,1014.0,0.0,20280.0,19200.0,39480.0,,,,,,,,,20.0,5.0,15.0,160.0
8,August,s332,urgent_first,3,3,2,8,14038,1704,12334,0.1214,1.0,1.0,1.0,285.3266633423565,526.3983333333333,0.0,0.0,0.0,19200.0,19200.0,,,,,,,,,20.0,5.0,15.0,160.0
8,August,s332,rl3_dqn,3,3,2,8,14038,1704,12334,0.1214,1.0,1.0,1.0,284.51445362587265,521.7333333333333,0.0,0.0,0.0,19200.0,19200.0,0.5741168702542093,0.5648210668467252,0.9666666666666668,1.0,3029.0,2962.0,30.0,37.0,20.0,5.0,15.0,160.0
9,September,s111,fifo,1,1,1,3,19195,2279,16916,0.1187,0.0144829382651732,0.0021939447125932,0.0161385670371246,27976.42495267865,48837.17333333334,2274.0,16643.0,128695.0,7200.0,135895.0,,,,,,,,,20.0,5.0,15.0,160.0
9,September,s111,urgent_first,1,1,1,3,19195,2279,16916,0.1187,0.0513154467309195,0.3514699429574375,0.0108772759517616,28050.24551793002,49600.60333333335,1478.0,16732.0,113220.0,7200.0,120420.0,,,,,,,,,20.0,5.0,15.0,160.0
9,September,s111,rl3_dqn,1,1,1,3,19195,2279,16916,0.1187,0.1282104714769471,1.0,0.0107590446914164,28120.271684466443,49932.67,0.0,16734.0,83670.0,7200.0,90870.0,0.9930645860424794,0.9930283224400872,1.0,1.0,2307.0,2295.0,11.0,1.0,20.0,5.0,15.0,160.0
9,September,s211,fifo,2,1,1,4,19195,2279,16916,0.1187,0.0453764001041938,0.0065818341377797,0.0506029794277607,6254.98342450291,10448.336666666666,2264.0,16060.0,125580.0,9600.0,135180.0,,,,,,,,,20.0,5.0,15.0,160.0
9,September,s211,urgent_first,2,1,1,4,19195,2279,16916,0.1187,0.1437874446470435,1.0,0.028434618113029,6335.760420248328,11313.233333333334,0.0,16435.0,82175.0,9600.0,91775.0,,,,,,,,,20.0,5.0,15.0,160.0
9,September,s211,rl3_dqn,2,1,1,4,19195,2279,16916,0.1187,0.1422766345402448,1.0,0.0267202648380231,6356.511595033428,11349.01,0.0,16464.0,82320.0,9600.0,91920.0,0.9779017378245012,0.9567590260285476,1.0,0.0,4661.0,2382.0,2279.0,0.0,20.0,5.0,15.0,160.0
9,September,s221,fifo,2,2,1,5,19195,2279,16916,0.1187,0.1022662151601979,0.0136024572180781,0.1142113974934972,3425.675298254754,5505.326666666667,2248.0,14984.0,119880.0,12000.0,131880.0,,,,,,,,,20.0,5.0,15.0,160.0
9,September,s221,urgent_first,2,2,1,5,19195,2279,16916,0.1187,0.195936441781714,1.0,0.0876093639158193,3368.208547364765,5801.286666666668,0.0,15434.0,77170.0,12000.0,89170.0,,,,,,,,,20.0,5.0,15.0,160.0
9,September,s221,rl3_dqn,2,2,1,5,19195,2279,16916,0.1187,0.1806199531127897,1.0,0.0702293686450697,3518.29145524008,6046.47,0.0,15728.0,78640.0,12000.0,90640.0,0.8752657689581856,0.8675295013323182,0.8823529411764706,1.0,2822.0,2627.0,34.0,161.0,20.0,5.0,15.0,160.0
9,September,s311,fifo,3,1,1,5,19195,2279,16916,0.1187,0.0452201094034904,0.0065818341377797,0.0504256325372428,6182.251951897196,10321.003333333334,2264.0,16063.0,125595.0,12000.0,137595.0,,,,,,,,,20.0,5.0,15.0,160.0
9,September,s311,urgent_first,3,1,1,5,19195,2279,16916,0.1187,0.1458713206564209,1.0,0.0307992433199337,6227.077936962752,11188.873333333337,0.0,16395.0,81975.0,12000.0,93975.0,,,,,,,,,20.0,5.0,15.0,160.0
9,September,s311,rl3_dqn,3,1,1,5,19195,2279,16916,0.1187,0.1443605105496223,1.0,0.0290848900449278,6291.209531996181,11288.436666666666,0.0,16424.0,82120.0,12000.0,94120.0,0.9609869253479544,0.9248273059731816,1.0,1.0,4742.0,2461.0,2279.0,2.0,20.0,5.0,15.0,160.0
9,September,s321,fifo,3,2,1,6,19195,2279,16916,0.1187,0.8903360250065121,0.0763492759982448,1.0,674.4932239298429,1028.97,2105.0,0.0,42100.0,14400.0,56500.0,,,,,,,,,20.0,5.0,15.0,160.0
9,September,s321,urgent_first,3,2,1,6,19195,2279,16916,0.1187,0.9953112789789008,1.0,0.9946795932844644,676.0357897021794,1088.3266666666666,0.0,90.0,450.0,14400.0,14850.0,,,,,,,,,20.0,5.0,15.0,160.0
9,September,s321,rl3_dqn,3,2,1,6,19195,2279,16916,0.1187,0.9950507944777286,1.0,0.9943840151336012,673.7886784752974,1070.52,0.0,95.0,475.0,14400.0,14875.0,0.3414519021995657,0.2643130879108117,0.3578076525336091,0.9802955665024632,10593.0,8611.0,967.0,1015.0,20.0,5.0,15.0,160.0
9,September,s222,fifo,2,2,2,6,19195,2279,16916,0.1187,0.102630893461839,0.0140412461605967,0.1145660912745329,3462.3774029695232,5567.676666666667,2247.0,14978.0,119830.0,14400.0,134230.0,,,,,,,,,20.0,5.0,15.0,160.0
9,September,s222,urgent_first,2,2,2,6,19195,2279,16916,0.1187,0.188538681948424,0.9951733216322948,0.0798652163632064,3450.152409481636,5930.993333333334,11.0,15565.0,78045.0,14400.0,92445.0,,,,,,,,,20.0,5.0,15.0,160.0
9,September,s222,rl3_dqn,2,2,2,6,19195,2279,16916,0.1187,0.1831727012242771,1.0,0.073126034523528,3440.5607640878707,5886.293333333334,0.0,15679.0,78395.0,14400.0,92795.0,0.8658718330849479,0.8642396662874479,0.9473684210526316,1.0,2684.0,2637.0,38.0,9.0,20.0,5.0,15.0,160.0
9,September,s332,fifo,3,3,2,8,19195,2279,16916,0.1187,0.8894503777025267,0.0688898639754278,1.0,671.9740392463315,1012.59,2122.0,0.0,42440.0,19200.0,61640.0,,,,,,,,,20.0,5.0,15.0,160.0
9,September,s332,urgent_first,3,3,2,8,19195,2279,16916,0.1187,0.9945298254753844,1.0,0.9937928588318752,675.3458522184596,1103.3700000000003,0.0,105.0,525.0,19200.0,19725.0,,,,,,,,,20.0,5.0,15.0,160.0
9,September,s332,rl3_dqn,3,3,2,8,19195,2279,16916,0.1187,0.9938525657723364,1.0,0.9930243556396312,682.551404879743,1093.3766666666668,0.0,118.0,590.0,19200.0,19790.0,0.2709057215659022,0.2661365762394761,0.5,0.9583333333333334,8634.0,8552.0,34.0,48.0,20.0,5.0,15.0,160.0
10,October,s111,fifo,1,1,1,3,21883,2704,19179,0.1236,0.0125211351277247,0.0011094674556213,0.0141300380624641,33934.40188654816,61502.38333333333,2701.0,18908.0,148560.0,7200.0,155760.0,,,,,,,,,20.0,5.0,15.0,160.0
10,October,s111,urgent_first,1,1,1,3,21883,2704,19179,0.1236,0.0375634053831741,0.239275147928994,0.0091245633244694,34257.727211381745,62103.96666666667,2057.0,19004.0,136160.0,7200.0,143360.0,,,,,,,,,20.0,5.0,15.0,160.0
10,October,s111,rl3_dqn,1,1,1,3,21883,2704,19179,0.1236,0.1295526207558378,0.9807692307692308,0.0095416862193023,34070.19339593901,61825.97666666667,52.0,18996.0,96020.0,7200.0,103220.0,0.993756885787734,0.9937522969496508,1.0,0.0,2723.0,2721.0,2.0,0.0,20.0,5.0,15.0,160.0
10,October,s211,fifo,2,1,1,4,21883,2704,19179,0.1236,0.056710688662432,0.0066568047337278,0.063767662547578,10012.645231458211,17871.833333333332,2686.0,17956.0,143500.0,9600.0,153100.0,,,,,,,,,20.0,5.0,15.0,160.0
10,October,s211,urgent_first,2,1,1,4,21883,2704,19179,0.1236,0.1589818580633368,0.9792899408284024,0.0433286407007664,10099.342578714071,18445.463333333333,56.0,18348.0,92860.0,9600.0,102460.0,,,,,,,,,20.0,5.0,15.0,160.0
10,October,s211,rl3_dqn,2,1,1,4,21883,2704,19179,0.1236,0.1620435954850797,1.0,0.0439021846811616,10057.677901415102,18395.073333333334,0.0,18337.0,91685.0,9600.0,101285.0,0.9683306494900698,0.9424886720111536,0.9955817378497792,1.0,5589.0,2869.0,2716.0,4.0,20.0,5.0,15.0,160.0
10,October,s221,fifo,2,2,1,5,21883,2704,19179,0.1236,0.0693689165105332,0.0077662721893491,0.0780541216956045,7256.726381209158,12518.926666666666,2683.0,17682.0,142070.0,12000.0,154070.0,,,,,,,,,20.0,5.0,15.0,160.0
10,October,s221,urgent_first,2,2,1,5,21883,2704,19179,0.1236,0.1738792670109217,0.970784023668639,0.0615256269878512,7393.35140596201,13506.42,79.0,17999.0,91575.0,12000.0,103575.0,,,,,,,,,20.0,5.0,15.0,160.0
10,October,s221,rl3_dqn,2,2,1,5,21883,2704,19179,0.1236,0.179545766119819,1.0,0.0638719432712863,7165.109250712121,13168.096666666666,0.0,17954.0,89770.0,12000.0,101770.0,0.9098309329993738,0.9040454697425612,0.9615384615384616,1.0,3194.0,2991.0,26.0,177.0,20.0,5.0,15.0,160.0
10,October,s311,fifo,3,1,1,5,21883,2704,19179,0.1236,0.056710688662432,0.0070266272189349,0.0637155221857239,10061.376659202728,17924.70666666666,2685.0,17957.0,143485.0,12000.0,155485.0,,,,,,,,,20.0,5.0,15.0,160.0
10,October,s311,urgent_first,3,1,1,5,21883,2704,19179,0.1236,0.1592560435040899,0.9774408284023668,0.0439021846811616,10094.382034760622,18436.13,61.0,18337.0,92905.0,12000.0,104905.0,,,,,,,,,20.0,5.0,15.0,160.0
10,October,s311,rl3_dqn,3,1,1,5,21883,2704,19179,0.1236,0.1630946396746332,1.0,0.0451014130038062,10013.869270666728,18303.66,0.0,18314.0,91570.0,12000.0,103570.0,0.9487539487539488,0.902439024390244,1.0,1.0,5698.0,2993.0,2704.0,1.0,20.0,5.0,15.0,160.0
10,October,s321,fifo,3,2,1,6,21883,2704,19179,0.1236,0.4995658730521409,0.0484467455621301,0.5631680483862558,1285.2862922512147,2017.99,2573.0,8378.0,93350.0,14400.0,107750.0,,,,,,,,,20.0,5.0,15.0,160.0
10,October,s321,urgent_first,3,2,1,6,21883,2704,19179,0.1236,0.5017593565781657,1.0,0.4315136347046248,1280.666461027586,2158.01,0.0,10903.0,54515.0,14400.0,68915.0,,,,,,,,,20.0,5.0,15.0,160.0
10,October,s321,rl3_dqn,3,2,1,6,21883,2704,19179,0.1236,0.5141890965589727,1.0,0.4456958131289431,1260.4639933586193,2130.95,0.0,10631.0,53155.0,14400.0,67555.0,0.42469787752615,0.3461143883046935,0.4252136752136752,0.9748427672955976,9847.0,7798.0,936.0,1113.0,20.0,5.0,15.0,160.0
10,October,s222,fifo,2,2,2,6,21883,2704,19179,0.1236,0.0703285655531691,0.0085059171597633,0.0790447885708326,7298.211908787643,12565.389999999998,2681.0,17663.0,141935.0,14400.0,156335.0,,,,,,,,,20.0,5.0,15.0,160.0
10,October,s222,urgent_first,2,2,2,6,21883,2704,19179,0.1236,0.1759813553900288,0.9844674556213018,0.0619948902445382,7352.044490395892,13465.443333333336,42.0,17990.0,90790.0,14400.0,105190.0,,,,,,,,,20.0,5.0,15.0,160.0
10,October,s222,rl3_dqn,2,2,2,6,21883,2704,19179,0.1236,0.1775807704610885,1.0,0.0616299077115595,7327.268420691862,13430.953333333331,0.0,17997.0,89985.0,14400.0,104385.0,0.9117255163224516,0.9107443583698216,1.0,1.0,3002.0,2969.0,25.0,8.0,20.0,5.0,15.0,160.0
10,October,s332,fifo,3,3,2,8,21883,2704,19179,0.1236,0.514417584426267,0.0502958579881656,0.5798529641795714,1266.9194831604443,1985.513333333333,2568.0,8058.0,91650.0,19200.0,110850.0,,,,,,,,,20.0,5.0,15.0,160.0
10,October,s332,urgent_first,3,3,2,8,21883,2704,19179,0.1236,0.500434126947859,1.0,0.4300015642108556,1287.306917089369,2177.53,0.0,10932.0,54660.0,19200.0,73860.0,,,,,,,,,20.0,5.0,15.0,160.0
10,October,s332,rl3_dqn,3,3,2,8,21883,2704,19179,0.1236,0.506831787232098,1.0,0.4373012148704312,1277.727848862892,2171.613333333333,0.0,10792.0,53960.0,19200.0,73160.0,0.3550190597204574,0.3483929262940493,0.59375,0.9661016949152542,7870.0,7747.0,64.0,59.0,20.0,5.0,15.0,160.0
11,November,s111,fifo,1,1,1,3,27873,3350,24523,0.1202,0.010260825888853,0.0023880597014925,0.0113362965379439,52227.70597711047,93226.97333333331,3342.0,24245.0,188065.0,7200.0,195265.0,,,,,,,,,20.0,5.0,15.0,160.0
11,November,s111,urgent_first,1,1,1,3,27873,3350,24523,0.1202,0.0236429519606787,0.1955223880597014,0.000163112180402,52440.783097142994,93675.11333333331,2695.0,24519.0,176495.0,7200.0,183695.0,,,,,,,,,20.0,5.0,15.0,160.0
11,November,s111,rl3_dqn,1,1,1,3,27873,3350,24523,0.1202,0.0106913500520216,0.0256716417910447,0.0086449455613097,52467.58134514883,106238.99,3264.0,24311.0,186835.0,7200.0,194035.0,0.0037786445636274,0.0037786445636274,0.0,0.0,24612.0,24612.0,0.0,0.0,20.0,5.0,15.0,160.0
11,November,s211,fifo,2,1,1,4,27873,3350,24523,0.1202,0.0186919240842392,0.0053731343283582,0.0205113566855604,20550.441157512047,35582.253333333334,3332.0,24020.0,186740.0,9600.0,196340.0,,,,,,,,,20.0,5.0,15.0,160.0
11,November,s211,urgent_first,2,1,1,4,27873,3350,24523,0.1202,0.1106805869479424,0.8140298507462687,0.0145985401459854,20660.47695380237,36215.05333333334,623.0,24165.0,133285.0,9600.0,142885.0,,,,,,,,,20.0,5.0,15.0,160.0
11,November,s211,rl3_dqn,2,1,1,4,27873,3350,24523,0.1202,0.1329602123919205,1.0,0.0145169840557843,20573.086238175536,36091.58,0.0,24167.0,120835.0,9600.0,130435.0,0.9912734802544002,0.9832697387731142,0.9994033412887828,1.0,6761.0,3407.0,3352.0,2.0,20.0,5.0,15.0,160.0
11,November,s221,fifo,2,2,1,5,27873,3350,24523,0.1202,0.0212750690632511,0.0059701492537313,0.0233658198425967,16524.041408651145,28179.86,3330.0,23950.0,186350.0,12000.0,198350.0,,,,,,,,,20.0,5.0,15.0,160.0
11,November,s221,urgent_first,2,2,1,5,27873,3350,24523,0.1202,0.1232016646934309,0.8994029850746269,0.017167556987318,16538.49659766321,28765.213333333333,337.0,24102.0,127250.0,12000.0,139250.0,,,,,,,,,20.0,5.0,15.0,160.0
11,November,s221,rl3_dqn,2,2,1,5,27873,3350,24523,0.1202,0.1350052021669716,1.0,0.0168413326265138,16446.62089656657,28623.166666666664,0.0,24110.0,120550.0,12000.0,132550.0,0.9760378935636668,0.9749708963911524,1.0,1.0,3589.0,3436.0,21.0,132.0,20.0,5.0,15.0,160.0
11,November,s311,fifo,3,1,1,5,27873,3350,24523,0.1202,0.0188354321386287,0.0053731343283582,0.0206744688659625,20637.96182147598,35709.34,3332.0,24016.0,186720.0,12000.0,198720.0,,,,,,,,,20.0,5.0,15.0,160.0
11,November,s311,urgent_first,3,1,1,5,27873,3350,24523,0.1202,0.1097836616080077,0.8065671641791045,0.0145985401459854,20660.671371937,36132.263333333336,648.0,24165.0,133785.0,12000.0,145785.0,,,,,,,,,20.0,5.0,15.0,160.0
11,November,s311,rl3_dqn,3,1,1,5,27873,3350,24523,0.1202,0.1330678434327126,1.0,0.0146393181910859,20632.607397242253,36094.223333333335,0.0,24164.0,120820.0,12000.0,132820.0,0.9844209288653734,0.9693198263386396,1.0,0.0,6804.0,3455.0,3349.0,0.0,20.0,5.0,15.0,160.0
11,November,s321,fifo,3,2,1,6,27873,3350,24523,0.1202,0.04409284971119,0.0086567164179104,0.0489336541206214,4677.857430727467,7044.883333333333,3321.0,23323.0,183035.0,14400.0,197435.0,,,,,,,,,20.0,5.0,15.0,160.0
11,November,s321,urgent_first,3,2,1,6,27873,3350,24523,0.1202,0.1466293545725253,1.0,0.0300534192390816,4653.051796840431,7755.1,0.0,23786.0,118930.0,14400.0,133330.0,,,,,,,,,20.0,5.0,15.0,160.0
11,November,s321,rl3_dqn,3,2,1,6,27873,3350,24523,0.1202,0.1463423384637462,1.0,0.0297271948782775,4687.176343893134,7821.566666666667,0.0,23794.0,118970.0,14400.0,133370.0,0.9383903133903134,0.9115405552531302,0.9726918075422628,1.0,5616.0,3674.0,769.0,1173.0,20.0,5.0,15.0,160.0
11,November,s222,fifo,2,2,2,6,27873,3350,24523,0.1202,0.0213109460768485,0.0059701492537313,0.0234065978876972,16528.85256161877,28181.303333333333,3330.0,23949.0,186345.0,14400.0,200745.0,,,,,,,,,20.0,5.0,15.0,160.0
11,November,s222,urgent_first,2,2,2,6,27873,3350,24523,0.1202,0.1193987012521077,0.8713432835820896,0.0166782204461118,16538.38603786221,28765.316666666666,431.0,24114.0,129190.0,14400.0,143590.0,,,,,,,,,20.0,5.0,15.0,160.0
11,November,s222,rl3_dqn,2,2,2,6,27873,3350,24523,0.1202,0.1348975711261794,1.0,0.0167189984912123,16585.706109855415,28882.45333333333,0.0,24113.0,120565.0,14400.0,134965.0,0.9748482220294884,0.974687227233052,1.0,1.0,3459.0,3437.0,18.0,4.0,20.0,5.0,15.0,160.0
11,November,s332,fifo,3,3,2,8,27873,3350,24523,0.1202,0.0459943314318516,0.0086567164179104,0.0510948905109489,4623.8294048003445,6973.7733333333335,3321.0,23270.0,182770.0,19200.0,201970.0,,,,,,,,,20.0,5.0,15.0,160.0
11,November,s332,urgent_first,3,3,2,8,27873,3350,24523,0.1202,0.1477774190076418,1.0,0.0313583166822982,4608.267410516749,7721.95,0.0,23754.0,118770.0,19200.0,137970.0,,,,,,,,,20.0,5.0,15.0,160.0
11,November,s332,rl3_dqn,3,3,2,8,27873,3350,24523,0.1202,0.1461270763821619,1.0,0.0294825266076744,4665.828906109855,7745.24,0.0,23800.0,119000.0,19200.0,138200.0,0.9162483487450462,0.9135297326786688,1.0,1.0,3785.0,3666.0,50.0,69.0,20.0,5.0,15.0,160.0
12,December,s111,fifo,1,1,1,3,30681,3845,26836,0.1253,0.0089632019816824,0.0020806241872561,0.0099493218065285,57002.33103712396,100908.65,3837.0,26569.0,209585.0,7200.0,216785.0,,,,,,,,,20.0,5.0,15.0,160.0
12,December,s111,urgent_first,1,1,1,3,30681,3845,26836,0.1253,0.0248688113164499,0.1973992197659297,0.0001490535102101,57200.99304944428,101409.11666666668,3086.0,26832.0,195880.0,7200.0,203080.0,,,,,,,,,20.0,5.0,15.0,160.0
12,December,s111,rl3_dqn,1,1,1,3,30681,3845,26836,0.1253,0.0228480166878524,0.1547464239271781,0.0039499180205693,56639.60814401964,97542.38333333332,3250.0,26730.0,198650.0,7200.0,205850.0,0.0307340138096667,0.0307340138096667,0.0,0.0,26648.0,26648.0,0.0,0.0,20.0,5.0,15.0,160.0
12,December,s211,fifo,2,1,1,4,30681,3845,26836,0.1253,0.016850819725563,0.0028608582574772,0.0188552690415859,21917.284059624308,38116.1,3834.0,26330.0,208330.0,9600.0,217930.0,,,,,,,,,20.0,5.0,15.0,160.0
12,December,s211,urgent_first,2,1,1,4,30681,3845,26836,0.1253,0.1146637984420325,0.8273081924577373,0.0125577582352064,21979.44100692068,38476.76666666667,664.0,26499.0,145775.0,9600.0,155375.0,,,,,,,,,20.0,5.0,15.0,160.0
12,December,s211,rl3_dqn,2,1,1,4,30681,3845,26836,0.1253,0.1363058570450767,1.0,0.0125577582352064,21989.58491248656,38445.15,0.0,26499.0,132495.0,9600.0,142095.0,0.9885486361296963,0.9786205141257316,0.9986985944820406,1.0,7772.0,3929.0,3842.0,1.0,20.0,5.0,15.0,160.0
12,December,s221,fifo,2,2,1,5,30681,3845,26836,0.1253,0.0192301424334278,0.0031209362808842,0.0215382322253689,17508.77942103148,30086.38333333333,3833.0,26258.0,207950.0,12000.0,219950.0,,,,,,,,,20.0,5.0,15.0,160.0
12,December,s221,urgent_first,2,2,1,5,30681,3845,26836,0.1253,0.1153808546005671,0.8166449934980494,0.0149053510210165,17372.19134969525,30516.233333333334,705.0,26436.0,146280.0,12000.0,158280.0,,,,,,,,,20.0,5.0,15.0,160.0
12,December,s221,rl3_dqn,2,2,1,5,30681,3845,26836,0.1253,0.1386851797529415,1.0,0.0152779847965419,17361.299961974295,30484.116666666665,0.0,26426.0,132130.0,12000.0,144130.0,0.9775555013417908,0.9766319532639064,1.0,1.0,4099.0,3937.0,19.0,143.0,20.0,5.0,15.0,160.0
12,December,s311,fifo,3,1,1,5,30681,3845,26836,0.1253,0.0170137870343209,0.0031209362808842,0.019004322551796,22012.30573916539,38186.6,3833.0,26326.0,208290.0,12000.0,220290.0,,,,,,,,,20.0,5.0,15.0,160.0
12,December,s311,urgent_first,3,1,1,5,30681,3845,26836,0.1253,0.1132948730484664,0.8150845253576073,0.0127440751229691,21946.513857110265,38364.93333333333,711.0,26494.0,146690.0,12000.0,158690.0,,,,,,,,,20.0,5.0,15.0,160.0
12,December,s311,rl3_dqn,3,1,1,5,30681,3845,26836,0.1253,0.1363384505068283,1.0,0.0125950216127589,21938.5372190172,38398.03333333333,0.0,26498.0,132490.0,12000.0,144490.0,0.9847553164232642,0.969964664310954,1.0,0.0,7806.0,3962.0,3844.0,0.0,20.0,5.0,15.0,160.0
12,December,s321,fifo,3,2,1,6,30681,3845,26836,0.1253,0.0670121573612333,0.0067620286085825,0.0756446564316589,4359.756037395565,6978.183333333333,3819.0,24806.0,200410.0,14400.0,214810.0,,,,,,,,,20.0,5.0,15.0,160.0
12,December,s321,urgent_first,3,2,1,6,30681,3845,26836,0.1253,0.1723542257423161,1.0,0.0537710538083171,4347.231421726802,7584.766666666666,0.0,25393.0,126965.0,14400.0,141365.0,,,,,,,,,20.0,5.0,15.0,160.0
12,December,s321,rl3_dqn,3,2,1,6,30681,3845,26836,0.1253,0.1744402072944167,1.0,0.0561559099716798,4327.292353030649,7507.516666666666,0.0,25329.0,126645.0,14400.0,141045.0,0.8945288753799392,0.8576210667261772,0.933570581257414,1.0,6580.0,4481.0,843.0,1256.0,20.0,5.0,15.0,160.0
12,December,s222,fifo,2,2,2,6,30681,3845,26836,0.1253,0.0191975489716762,0.0031209362808842,0.0215009688478163,17513.290885781644,30146.15,3833.0,26259.0,207955.0,14400.0,222355.0,,,,,,,,,20.0,5.0,15.0,160.0
12,December,s222,urgent_first,2,2,2,6,30681,3845,26836,0.1253,0.120269873863303,0.8533159947984396,0.0152407214189894,17499.033889051858,30652.483333333334,564.0,26427.0,143415.0,14400.0,157815.0,,,,,,,,,20.0,5.0,15.0,160.0
12,December,s222,rl3_dqn,2,2,2,6,30681,3845,26836,0.1253,0.1383592451354258,1.0,0.0149053510210165,17395.53196603761,30525.83333333333,0.0,26436.0,132180.0,14400.0,146580.0,0.9775252525252526,0.9773767158108796,1.0,1.0,3960.0,3934.0,22.0,4.0,20.0,5.0,15.0,160.0
12,December,s332,fifo,3,3,2,8,30681,3845,26836,0.1253,0.0679899612137805,0.0070221066319895,0.0767252943806826,4402.129557380789,7102.183333333333,3818.0,24777.0,200245.0,19200.0,219445.0,,,,,,,,,20.0,5.0,15.0,160.0
12,December,s332,urgent_first,3,3,2,8,30681,3845,26836,0.1253,0.1728105342068381,1.0,0.0542927410940527,4392.521919103028,7662.766666666666,0.0,25379.0,126895.0,19200.0,146095.0,,,,,,,,,20.0,5.0,15.0,160.0
12,December,s332,rl3_dqn,3,3,2,8,30681,3845,26836,0.1253,0.1741468661386525,1.0,0.0558205395737069,4300.299482307182,7511.483333333334,0.0,25338.0,126690.0,19200.0,145890.0,0.8554268554268555,0.8511627906976744,0.9661016949152542,1.0,4662.0,4515.0,59.0,88.0,20.0,5.0,15.0,160.0
