month,month_name,regime,policy,picking_workers,packing_workers,dispatch_workers,total_workers,total_orders,urgent_orders,normal_orders,urgent_share,total_sla,urgent_sla,normal_sla,mean_system_time_min,p90_system_time_min,urgent_late_orders,normal_late_orders,estimated_late_cost,estimated_worker_cost,estimated_total_cost,savings_total_cost_vs_fifo_same_month_regime,savings_total_cost_vs_urgent_first_same_month_regime,p_urgent_overall,p_urgent_pick,p_urgent_pack,p_urgent_dispatch,decisions_total,decisions_pick,decisions_pack,decisions_dispatch,cost_late_urgent,cost_late_normal,worker_cost_per_hour,hours_per_worker_month
1,January,s111,fifo,1,1,1,3,31200,6250,24950,0.2003,0.011602564102564102,0.00208,0.013987975951903807,42598.52082905983,76111.58666666667,6237.0,24601.0,339565.0,8640.0,348205.0,0.0,-105210.0,,,,,,,,,15.0,10.0,18.0,160.0
1,January,s111,urgent_first,1,1,1,3,31200,6250,24950,0.2003,0.27,0.78896,0.14,43270.804024572644,102418.01833333334,1319.0,21457.0,234355.0,8640.0,242995.0,105210.0,0.0,,,,,,,,,15.0,10.0,18.0,160.0
1,January,s111,rl3_dqn,1,1,1,3,31200,6250,24950,0.2003,0.01987179487179487,0.06832,0.0077354709418837675,41707.3043974359,92048.97833333333,5823.0,24757.0,334915.0,8640.0,343555.0,4650.0,-100560.0,0.01978266926720535,0.01978266926720535,0.0,0.0,25123.0,25123.0,0.0,0.0,15.0,10.0,18.0,160.0
1,January,s211,fifo,2,1,1,4,31200,6250,24950,0.2003,0.04858974358974359,0.0056,0.05935871743486974,14578.682322649574,25711.485,6215.0,23469.0,327915.0,11520.0,339435.0,0.0,-160990.0,,,,,,,,,15.0,10.0,18.0,160.0
1,January,s211,urgent_first,2,1,1,4,31200,6250,24950,0.2003,0.4766346153846154,0.88368,0.3746693386773547,15386.536653846153,46292.14000000001,727.0,15602.0,166925.0,11520.0,178445.0,160990.0,0.0,,,,,,,,,15.0,10.0,18.0,160.0
1,January,s211,rl3_dqn,2,1,1,4,31200,6250,24950,0.2003,0.04141025641025641,0.08128,0.03142284569138277,13548.447840811965,40792.43666666667,5742.0,24166.0,327790.0,11520.0,339310.0,125.0,-160865.0,0.0377511170530908,0.02151700925592018,0.15464512406231967,0.0,28423.0,24957.0,3466.0,0.0,15.0,10.0,18.0,160.0
1,January,s121,fifo,1,2,1,4,31200,6250,24950,0.2003,0.011378205128205128,0.00208,0.013707414829659318,42630.585102029916,76152.95166666666,6237.0,24608.0,339635.0,11520.0,351155.0,0.0,-105435.0,,,,,,,,,15.0,10.0,18.0,160.0
1,January,s121,urgent_first,1,2,1,4,31200,6250,24950,0.2003,0.27044871794871794,0.78944,0.14044088176352706,43325.604159188035,102251.27500000002,1316.0,21446.0,234200.0,11520.0,245720.0,105435.0,0.0,,,,,,,,,15.0,10.0,18.0,160.0
1,January,s121,rl3_dqn,1,2,1,4,31200,6250,24950,0.2003,0.019775641025641024,0.06768,0.0077755511022044085,41737.14373183761,92064.70333333334,5827.0,24756.0,334965.0,11520.0,346485.0,4670.0,-100765.0,0.019781094527363183,0.019781881865944914,0.0,0.0,25125.0,25124.0,0.0,1.0,15.0,10.0,18.0,160.0
1,January,s112,fifo,1,1,2,4,31200,6250,24950,0.2003,0.011602564102564102,0.00208,0.013987975951903807,42593.67327350427,76107.36166666666,6237.0,24601.0,339565.0,11520.0,351085.0,0.0,-104870.0,,,,,,,,,15.0,10.0,18.0,160.0
1,January,s112,urgent_first,1,1,2,4,31200,6250,24950,0.2003,0.2689423076923077,0.78864,0.13875751503006012,43389.326767628205,102443.19833333335,1321.0,21488.0,234695.0,11520.0,246215.0,104870.0,0.0,,,,,,,,,15.0,10.0,18.0,160.0
1,January,s112,rl3_dqn,1,1,2,4,31200,6250,24950,0.2003,0.019743589743589744,0.06768,0.0077354709418837675,41705.77942735043,92046.40500000001,5827.0,24757.0,334975.0,11520.0,346495.0,4590.0,-100280.0,0.019783456731151977,0.019783456731151977,0.0,0.0,25122.0,25122.0,0.0,0.0,15.0,10.0,18.0,160.0
1,January,s221,fifo,2,2,1,5,31200,6250,24950,0.2003,0.05573717948717949,0.00688,0.06797595190380762,10017.28516826923,17476.7,6207.0,23254.0,325645.0,14400.0,340045.0,0.0,-198700.0,,,,,,,,,15.0,10.0,18.0,160.0
1,January,s221,urgent_first,2,2,1,5,31200,6250,24950,0.2003,0.599551282051282,0.93584,0.515310621242485,10157.141745192308,37038.16833333334,401.0,12093.0,126945.0,14400.0,141345.0,198700.0,0.0,,,,,,,,,15.0,10.0,18.0,160.0
1,January,s221,rl3_dqn,2,2,1,5,31200,6250,24950,0.2003,0.22775641025641025,0.97232,0.04124248496993988,10220.109350961538,19578.285,173.0,23921.0,241805.0,14400.0,256205.0,83840.0,-114860.0,0.9535901926444834,0.9721400778210116,0.9565217391304348,0.6201117318435754,6852.0,6425.0,69.0,358.0,15.0,10.0,18.0,160.0
1,January,s212,fifo,2,1,2,5,31200,6250,24950,0.2003,0.04830128205128205,0.00544,0.05903807615230461,14617.64335096154,25778.78166666667,6216.0,23477.0,328010.0,14400.0,342410.0,0.0,-161550.0,,,,,,,,,15.0,10.0,18.0,160.0
1,January,s212,urgent_first,2,1,2,5,31200,6250,24950,0.2003,0.47791666666666666,0.88576,0.375751503006012,15316.584295940173,46047.35,714.0,15575.0,166460.0,14400.0,180860.0,161550.0,0.0,,,,,,,,,15.0,10.0,18.0,160.0
1,January,s212,rl3_dqn,2,1,2,5,31200,6250,24950,0.2003,0.04163461538461539,0.08144,0.031663326653306616,13559.32138888889,40810.49833333334,5741.0,24160.0,327715.0,14400.0,342115.0,295.0,-161255.0,0.03763819449334554,0.021431718944037174,0.1552776970049433,0.0,28402.0,24963.0,3439.0,0.0,15.0,10.0,18.0,160.0
1,January,s122,fifo,1,2,2,5,31200,6250,24950,0.2003,0.011378205128205128,0.00208,0.013707414829659318,42625.668852029914,76140.74333333333,6237.0,24608.0,339635.0,14400.0,354035.0,0.0,-104750.0,,,,,,,,,15.0,10.0,18.0,160.0
1,January,s122,urgent_first,1,2,2,5,31200,6250,24950,0.2003,0.268525641025641,0.78672,0.13871743486973948,43408.306900106836,102307.14666666667,1333.0,21489.0,234885.0,14400.0,249285.0,104750.0,0.0,,,,,,,,,15.0,10.0,18.0,160.0
1,January,s122,rl3_dqn,1,2,2,5,31200,6250,24950,0.2003,0.019775641025641024,0.06768,0.0077755511022044085,41729.405825320515,92037.66166666667,5827.0,24756.0,334965.0,14400.0,349365.0,4670.0,-100080.0,0.01978266926720535,0.01978266926720535,0.0,0.0,25123.0,25123.0,0.0,0.0,15.0,10.0,18.0,160.0
1,January,s311,fifo,3,1,1,5,31200,6250,24950,0.2003,0.048365384615384616,0.0056,0.05907815631262525,14665.07855929487,25888.463333333337,6215.0,23476.0,327985.0,14400.0,342385.0,0.0,-145245.0,,,,,,,,,15.0,10.0,18.0,160.0
1,January,s311,urgent_first,3,1,1,5,31200,6250,24950,0.2003,0.4248717948717949,0.8944,0.3072545090180361,15346.326448183761,49933.92166666667,660.0,17284.0,182740.0,14400.0,197140.0,145245.0,0.0,,,,,,,,,15.0,10.0,18.0,160.0
1,January,s311,rl3_dqn,3,1,1,5,31200,6250,24950,0.2003,0.0417948717948718,0.08256,0.03158316633266533,13554.695254273505,40797.87666666667,5734.0,24162.0,327630.0,14400.0,342030.0,355.0,-144890.0,0.022143774069319642,0.021184139054861488,0.023150787039066954,0.0,46740.0,23933.0,22807.0,0.0,15.0,10.0,18.0,160.0
1,January,s231,fifo,2,3,1,6,31200,6250,24950,0.2003,0.05573717948717949,0.00688,0.06797595190380762,10017.200594551281,17463.046666666665,6207.0,23254.0,325645.0,17280.0,342925.0,0.0,-198325.0,,,,,,,,,15.0,10.0,18.0,160.0
1,January,s231,urgent_first,2,3,1,6,31200,6250,24950,0.2003,0.5984615384615385,0.93472,0.5142284569138277,10187.41086431624,36936.703333333375,408.0,12120.0,127320.0,17280.0,144600.0,198325.0,0.0,,,,,,,,,15.0,10.0,18.0,160.0
1,January,s231,rl3_dqn,2,3,1,6,31200,6250,24950,0.2003,0.22714743589743588,0.96976,0.04112224448897796,10237.974619123932,19593.913333333334,189.0,23924.0,242075.0,17280.0,259355.0,83570.0,-114755.0,0.9421120504370254,0.9713841368584759,0.875,0.5951940850277264,6979.0,6430.0,8.0,541.0,15.0,10.0,18.0,160.0
1,January,s312,fifo,3,1,2,6,31200,6250,24950,0.2003,0.04814102564102564,0.00544,0.058837675350701404,14653.045953525641,25853.543333333335,6216.0,23482.0,328060.0,17280.0,345340.0,0.0,-145315.0,,,,,,,,,15.0,10.0,18.0,160.0
1,January,s312,urgent_first,3,1,2,6,31200,6250,24950,0.2003,0.4256089743589744,0.88688,0.31006012024048096,15391.925058226496,50127.748333333344,707.0,17214.0,182745.0,17280.0,200025.0,145315.0,0.0,,,,,,,,,15.0,10.0,18.0,160.0
1,January,s312,rl3_dqn,3,1,2,6,31200,6250,24950,0.2003,0.041602564102564105,0.0824,0.031382765531062125,13569.636900641024,40822.715,5735.0,24167.0,327695.0,17280.0,344975.0,365.0,-144950.0,0.021978257147748672,0.021070234113712373,0.022930550683970537,0.0,46728.0,23920.0,22808.0,0.0,15.0,10.0,18.0,160.0
1,January,s222,fifo,2,2,2,6,31200,6250,24950,0.2003,0.05567307692307692,0.00688,0.06789579158316633,10044.047000534189,17510.183333333334,6207.0,23256.0,325665.0,17280.0,342945.0,0.0,-198640.0,,,,,,,,,15.0,10.0,18.0,160.0
1,January,s222,urgent_first,2,2,2,6,31200,6250,24950,0.2003,0.5997115384615385,0.93168,0.5165531062124249,10127.246699252137,37091.96833333334,427.0,12062.0,127025.0,17280.0,144305.0,198640.0,0.0,,,,,,,,,15.0,10.0,18.0,160.0
1,January,s222,rl3_dqn,2,2,2,6,31200,6250,24950,0.2003,0.2273076923076923,0.97024,0.04120240480961924,10227.551364850427,19591.915,186.0,23922.0,242010.0,17280.0,259290.0,83655.0,-114985.0,0.9717531470678539,0.9721400778210116,0.935064935064935,1.0,6514.0,6425.0,77.0,12.0,15.0,10.0,18.0,160.0
1,January,s321,fifo,3,2,1,6,31200,6250,24950,0.2003,0.5368589743589743,0.22624,0.6146693386773547,1151.8133819444445,2199.398333333334,4836.0,9614.0,168680.0,17280.0,185960.0,0.0,-98930.0,,,,,,,,,15.0,10.0,18.0,160.0
1,January,s321,urgent_first,3,2,1,6,31200,6250,24950,0.2003,0.776474358974359,0.99968,0.720561122244489,1178.0263595085469,3927.6350000000007,2.0,6972.0,69750.0,17280.0,87030.0,98930.0,0.0,,,,,,,,,15.0,10.0,18.0,160.0
1,January,s321,rl3_dqn,3,2,1,6,31200,6250,24950,0.2003,0.5922115384615385,1.0,0.49006012024048096,1175.7253317307693,2535.005,0.0,12723.0,127230.0,17280.0,144510.0,41450.0,-57480.0,0.45864385430880655,0.5435706695005313,0.4646374216651746,0.2827424023154848,19054.0,11292.0,2234.0,5528.0,15.0,10.0,18.0,160.0
1,January,s322,fifo,3,2,2,7,31200,6250,24950,0.2003,0.5319871794871794,0.22288,0.6094188376753507,1158.7629818376067,2207.55,4857.0,9745.0,170305.0,20160.0,190465.0,0.0,-100225.0,,,,,,,,,15.0,10.0,18.0,160.0
1,January,s322,urgent_first,3,2,2,7,31200,6250,24950,0.2003,0.7754166666666666,0.99968,0.7192384769539079,1164.444608974359,3893.5883333333336,2.0,7005.0,70080.0,20160.0,90240.0,100225.0,0.0,,,,,,,,,15.0,10.0,18.0,160.0
1,January,s322,rl3_dqn,3,2,2,7,31200,6250,24950,0.2003,0.5924358974358974,1.0,0.49034068136272546,1168.8861217948718,2523.1883333333335,0.0,12716.0,127160.0,20160.0,147320.0,43145.0,-57080.0,0.5471413486197013,0.550712940543449,0.527604416706673,0.5833333333333334,13258.0,11151.0,2083.0,24.0,15.0,10.0,18.0,160.0
1,January,s331,fifo,3,3,1,7,31200,6250,24950,0.2003,0.5355128205128206,0.22144,0.614188376753507,1153.5615865384616,2202.1083333333336,4866.0,9626.0,169250.0,20160.0,189410.0,0.0,-98820.0,,,,,,,,,15.0,10.0,18.0,160.0
1,January,s331,urgent_first,3,3,1,7,31200,6250,24950,0.2003,0.7743269230769231,0.99936,0.7179559118236473,1186.9458092948719,3933.3866666666718,4.0,7037.0,70430.0,20160.0,90590.0,98820.0,0.0,,,,,,,,,15.0,10.0,18.0,160.0
1,January,s331,rl3_dqn,3,3,1,7,31200,6250,24950,0.2003,0.5923717948717949,1.0,0.4902605210420842,1183.8911191239315,2552.7383333333332,0.0,12718.0,127180.0,20160.0,147340.0,42070.0,-56750.0,0.45625833703868385,0.5462147495774398,0.6209677419354839,0.30058850158442735,17992.0,11241.0,124.0,6627.0,15.0,10.0,18.0,160.0
1,January,s332,fifo,3,3,2,8,31200,6250,24950,0.2003,0.5370192307692307,0.22384,0.6154709418837675,1151.422563568376,2198.4016666666666,4851.0,9594.0,168705.0,23040.0,191745.0,0.0,-98265.0,,,,,,,,,15.0,10.0,18.0,160.0
1,January,s332,urgent_first,3,3,2,8,31200,6250,24950,0.2003,0.7743589743589744,0.99872,0.7181563126252505,1174.9412788461539,3929.003333333335,8.0,7032.0,70440.0,23040.0,93480.0,98265.0,0.0,,,,,,,,,15.0,10.0,18.0,160.0
1,January,s332,rl3_dqn,3,3,2,8,31200,6250,24950,0.2003,0.592948717948718,1.0,0.4909819639278557,1170.5127724358974,2526.6183333333333,0.0,12700.0,127000.0,23040.0,150040.0,41705.0,-56560.0,0.5529151943462898,0.5553245344422347,0.4632352941176471,0.4344262295081967,11320.0,11062.0,136.0,122.0,15.0,10.0,18.0,160.0
1,January,s432,fifo,4,3,2,9,31200,6250,24950,0.2003,0.9051282051282051,0.5576,0.992184368737475,387.80810844017094,1099.6533333333339,2765.0,195.0,43425.0,25920.0,69345.0,0.0,-4125.0,,,,,,,,,15.0,10.0,18.0,160.0
1,January,s432,urgent_first,4,3,2,9,31200,6250,24950,0.2003,0.8740384615384615,1.0,0.8424849699398798,394.5400870726495,1884.7250000000013,0.0,3930.0,39300.0,25920.0,65220.0,4125.0,0.0,,,,,,,,,15.0,10.0,18.0,160.0
1,January,s432,rl3_dqn,4,3,2,9,31200,6250,24950,0.2003,0.9500961538461539,1.0,0.9375951903807616,399.0543611111111,1216.4166666666667,0.0,1557.0,15570.0,25920.0,41490.0,27855.0,23730.0,0.42882895375442004,0.4177683765203596,0.5256830601092897,0.6420664206642066,14423.0,13237.0,915.0,271.0,15.0,10.0,18.0,160.0
6,June,s111,fifo,1,1,1,3,9600,830,8770,0.0865,1.0,1.0,1.0,46.11480729166667,101.12,0.0,0.0,0.0,8640.0,8640.0,0.0,0.0,,,,,,,,,15.0,10.0,18.0,160.0
6,June,s111,urgent_first,1,1,1,3,9600,830,8770,0.0865,1.0,1.0,1.0,46.97155381944444,106.70166666666668,0.0,0.0,0.0,8640.0,8640.0,0.0,0.0,,,,,,,,,15.0,10.0,18.0,160.0
6,June,s111,rl3_dqn,1,1,1,3,9600,830,8770,0.0865,1.0,1.0,1.0,45.12402951388889,103.87,0.0,0.0,0.0,8640.0,8640.0,0.0,0.0,1.0,1.0,1.0,0.0,768.0,725.0,43.0,0.0,15.0,10.0,18.0,160.0
6,June,s211,fifo,2,1,1,4,9600,830,8770,0.0865,1.0,1.0,1.0,10.107241319444444,16.966666666666665,0.0,0.0,0.0,11520.0,11520.0,0.0,0.0,,,,,,,,,15.0,10.0,18.0,160.0
6,June,s211,urgent_first,2,1,1,4,9600,830,8770,0.0865,1.0,1.0,1.0,10.161157986111112,15.216666666666667,0.0,0.0,0.0,11520.0,11520.0,0.0,0.0,,,,,,,,,15.0,10.0,18.0,160.0
6,June,s211,rl3_dqn,2,1,1,4,9600,830,8770,0.0865,1.0,1.0,1.0,10.060366319444444,17.216666666666665,0.0,0.0,0.0,11520.0,11520.0,0.0,0.0,1.0,1.0,1.0,0.0,570.0,160.0,410.0,0.0,15.0,10.0,18.0,160.0
6,June,s121,fifo,1,2,1,4,9600,830,8770,0.0865,1.0,1.0,1.0,45.519980902777775,100.51666666666667,0.0,0.0,0.0,11520.0,11520.0,0.0,0.0,,,,,,,,,15.0,10.0,18.0,160.0
6,June,s121,urgent_first,1,2,1,4,9600,830,8770,0.0865,1.0,1.0,1.0,45.04130729166667,99.37,0.0,0.0,0.0,11520.0,11520.0,0.0,0.0,,,,,,,,,15.0,10.0,18.0,160.0
6,June,s121,rl3_dqn,1,2,1,4,9600,830,8770,0.0865,1.0,1.0,1.0,45.25558159722222,104.45166666666668,0.0,0.0,0.0,11520.0,11520.0,0.0,0.0,1.0,1.0,0.0,1.0,736.0,726.0,0.0,10.0,15.0,10.0,18.0,160.0
6,June,s112,fifo,1,1,2,4,9600,830,8770,0.0865,1.0,1.0,1.0,46.01672916666667,101.26666666666667,0.0,0.0,0.0,11520.0,11520.0,0.0,0.0,,,,,,,,,15.0,10.0,18.0,160.0
6,June,s112,urgent_first,1,1,2,4,9600,830,8770,0.0865,1.0,1.0,1.0,46.236354166666665,105.60500000000026,0.0,0.0,0.0,11520.0,11520.0,0.0,0.0,,,,,,,,,15.0,10.0,18.0,160.0
6,June,s112,rl3_dqn,1,1,2,4,9600,830,8770,0.0865,1.0,1.0,1.0,44.99189236111111,103.25166666666668,0.0,0.0,0.0,11520.0,11520.0,0.0,0.0,1.0,1.0,1.0,0.0,765.0,725.0,40.0,0.0,15.0,10.0,18.0,160.0
6,June,s221,fifo,2,2,1,5,9600,830,8770,0.0865,1.0,1.0,1.0,7.02040625,10.351666666666672,0.0,0.0,0.0,14400.0,14400.0,0.0,0.0,,,,,,,,,15.0,10.0,18.0,160.0
6,June,s221,urgent_first,2,2,1,5,9600,830,8770,0.0865,1.0,1.0,1.0,7.0292048611111095,10.25,0.0,0.0,0.0,14400.0,14400.0,0.0,0.0,,,,,,,,,15.0,10.0,18.0,160.0
6,June,s221,rl3_dqn,2,2,1,5,9600,830,8770,0.0865,1.0,1.0,1.0,7.0446840277777785,10.385000000000005,0.0,0.0,0.0,14400.0,14400.0,0.0,0.0,1.0,1.0,1.0,1.0,243.0,161.0,25.0,57.0,15.0,10.0,18.0,160.0
6,June,s212,fifo,2,1,2,5,9600,830,8770,0.0865,1.0,1.0,1.0,10.041322916666667,16.916666666666668,0.0,0.0,0.0,14400.0,14400.0,0.0,0.0,,,,,,,,,15.0,10.0,18.0,160.0
6,June,s212,urgent_first,2,1,2,5,9600,830,8770,0.0865,1.0,1.0,1.0,10.11190451388889,15.166666666666666,0.0,0.0,0.0,14400.0,14400.0,0.0,0.0,,,,,,,,,15.0,10.0,18.0,160.0
6,June,s212,rl3_dqn,2,1,2,5,9600,830,8770,0.0865,1.0,1.0,1.0,9.990281249999999,17.0,0.0,0.0,0.0,14400.0,14400.0,0.0,0.0,1.0,1.0,1.0,0.0,567.0,160.0,407.0,0.0,15.0,10.0,18.0,160.0
6,June,s122,fifo,1,2,2,5,9600,830,8770,0.0865,1.0,1.0,1.0,45.57018576388889,100.15166666666669,0.0,0.0,0.0,14400.0,14400.0,0.0,0.0,,,,,,,,,15.0,10.0,18.0,160.0
6,June,s122,urgent_first,1,2,2,5,9600,830,8770,0.0865,1.0,1.0,1.0,45.21407118055556,99.70333333333359,0.0,0.0,0.0,14400.0,14400.0,0.0,0.0,,,,,,,,,15.0,10.0,18.0,160.0
6,June,s122,rl3_dqn,1,2,2,5,9600,830,8770,0.0865,1.0,1.0,1.0,45.309616319444444,105.67333333333336,0.0,0.0,0.0,14400.0,14400.0,0.0,0.0,1.0,1.0,0.0,1.0,729.0,726.0,0.0,3.0,15.0,10.0,18.0,160.0
6,June,s311,fifo,3,1,1,5,9600,830,8770,0.0865,1.0,1.0,1.0,9.837710069444444,16.6,0.0,0.0,0.0,14400.0,14400.0,0.0,0.0,,,,,,,,,15.0,10.0,18.0,160.0
6,June,s311,urgent_first,3,1,1,5,9600,830,8770,0.0865,1.0,1.0,1.0,9.92884201388889,14.833333333333334,0.0,0.0,0.0,14400.0,14400.0,0.0,0.0,,,,,,,,,15.0,10.0,18.0,160.0
6,June,s311,rl3_dqn,3,1,1,5,9600,830,8770,0.0865,1.0,1.0,1.0,9.844097222222222,16.933333333333334,0.0,0.0,0.0,14400.0,14400.0,0.0,0.0,1.0,1.0,1.0,0.0,480.0,39.0,441.0,0.0,15.0,10.0,18.0,160.0
6,June,s231,fifo,2,3,1,6,9600,830,8770,0.0865,1.0,1.0,1.0,6.997427083333334,10.316666666666666,0.0,0.0,0.0,17280.0,17280.0,0.0,0.0,,,,,,,,,15.0,10.0,18.0,160.0
6,June,s231,urgent_first,2,3,1,6,9600,830,8770,0.0865,1.0,1.0,1.0,7.011963541666668,10.283333333333333,0.0,0.0,0.0,17280.0,17280.0,0.0,0.0,,,,,,,,,15.0,10.0,18.0,160.0
6,June,s231,rl3_dqn,2,3,1,6,9600,830,8770,0.0865,1.0,1.0,1.0,7.023597222222222,10.35,0.0,0.0,0.0,17280.0,17280.0,0.0,0.0,1.0,1.0,1.0,1.0,289.0,162.0,7.0,120.0,15.0,10.0,18.0,160.0
6,June,s312,fifo,3,1,2,6,9600,830,8770,0.0865,1.0,1.0,1.0,9.824022569444445,16.718333333333337,0.0,0.0,0.0,17280.0,17280.0,0.0,0.0,,,,,,,,,15.0,10.0,18.0,160.0
6,June,s312,urgent_first,3,1,2,6,9600,830,8770,0.0865,1.0,1.0,1.0,9.864104166666666,14.733333333333333,0.0,0.0,0.0,17280.0,17280.0,0.0,0.0,,,,,,,,,15.0,10.0,18.0,160.0
6,June,s312,rl3_dqn,3,1,2,6,9600,830,8770,0.0865,1.0,1.0,1.0,9.83722048611111,16.9,0.0,0.0,0.0,17280.0,17280.0,0.0,0.0,1.0,1.0,1.0,0.0,480.0,39.0,441.0,0.0,15.0,10.0,18.0,160.0
6,June,s222,fifo,2,2,2,6,9600,830,8770,0.0865,1.0,1.0,1.0,6.667588541666667,9.76833333333334,0.0,0.0,0.0,17280.0,17280.0,0.0,0.0,,,,,,,,,15.0,10.0,18.0,160.0
6,June,s222,urgent_first,2,2,2,6,9600,830,8770,0.0865,1.0,1.0,1.0,6.666991319444445,9.75,0.0,0.0,0.0,17280.0,17280.0,0.0,0.0,,,,,,,,,15.0,10.0,18.0,160.0
6,June,s222,rl3_dqn,2,2,2,6,9600,830,8770,0.0865,1.0,1.0,1.0,6.656998263888889,9.818333333333339,0.0,0.0,0.0,17280.0,17280.0,0.0,0.0,1.0,1.0,1.0,1.0,185.0,162.0,22.0,1.0,15.0,10.0,18.0,160.0
6,June,s321,fifo,3,2,1,6,9600,830,8770,0.0865,1.0,1.0,1.0,6.6201944444444445,9.468333333333339,0.0,0.0,0.0,17280.0,17280.0,0.0,0.0,,,,,,,,,15.0,10.0,18.0,160.0
6,June,s321,urgent_first,3,2,1,6,9600,830,8770,0.0865,1.0,1.0,1.0,6.625626736111111,9.5,0.0,0.0,0.0,17280.0,17280.0,0.0,0.0,,,,,,,,,15.0,10.0,18.0,160.0
6,June,s321,rl3_dqn,3,2,1,6,9600,830,8770,0.0865,1.0,1.0,1.0,6.61290625,9.516666666666667,0.0,0.0,0.0,17280.0,17280.0,0.0,0.0,1.0,1.0,1.0,1.0,172.0,39.0,50.0,83.0,15.0,10.0,18.0,160.0
6,June,s322,fifo,3,2,2,7,9600,830,8770,0.0865,1.0,1.0,1.0,6.217979166666667,8.916666666666666,0.0,0.0,0.0,20160.0,20160.0,0.0,0.0,,,,,,,,,15.0,10.0,18.0,160.0
6,June,s322,urgent_first,3,2,2,7,9600,830,8770,0.0865,1.0,1.0,1.0,6.220420138888889,8.916666666666666,0.0,0.0,0.0,20160.0,20160.0,0.0,0.0,,,,,,,,,15.0,10.0,18.0,160.0
6,June,s322,rl3_dqn,3,2,2,7,9600,830,8770,0.0865,1.0,1.0,1.0,6.208050347222223,8.9,0.0,0.0,0.0,20160.0,20160.0,0.0,0.0,1.0,1.0,1.0,0.0,88.0,39.0,49.0,0.0,15.0,10.0,18.0,160.0
6,June,s331,fifo,3,3,1,7,9600,830,8770,0.0865,1.0,1.0,1.0,6.57465625,9.466666666666667,0.0,0.0,0.0,20160.0,20160.0,0.0,0.0,,,,,,,,,15.0,10.0,18.0,160.0
6,June,s331,urgent_first,3,3,1,7,9600,830,8770,0.0865,1.0,1.0,1.0,6.581685763888889,9.45,0.0,0.0,0.0,20160.0,20160.0,0.0,0.0,,,,,,,,,15.0,10.0,18.0,160.0
6,June,s331,rl3_dqn,3,3,1,7,9600,830,8770,0.0865,1.0,1.0,1.0,6.565685763888888,9.45,0.0,0.0,0.0,20160.0,20160.0,0.0,0.0,1.0,1.0,1.0,1.0,207.0,38.0,12.0,157.0,15.0,10.0,18.0,160.0
6,June,s332,fifo,3,3,2,8,9600,830,8770,0.0865,1.0,1.0,1.0,6.096631944444445,8.685000000000006,0.0,0.0,0.0,23040.0,23040.0,0.0,0.0,,,,,,,,,15.0,10.0,18.0,160.0
6,June,s332,urgent_first,3,3,2,8,9600,830,8770,0.0865,1.0,1.0,1.0,6.098458333333333,8.7,0.0,0.0,0.0,23040.0,23040.0,0.0,0.0,,,,,,,,,15.0,10.0,18.0,160.0
6,June,s332,rl3_dqn,3,3,2,8,9600,830,8770,0.0865,1.0,1.0,1.0,6.080449652777777,8.7,0.0,0.0,0.0,23040.0,23040.0,0.0,0.0,1.0,1.0,1.0,1.0,54.0,37.0,10.0,7.0,15.0,10.0,18.0,160.0
6,June,s432,fifo,4,3,2,9,9600,830,8770,0.0865,1.0,1.0,1.0,6.031074652777778,8.6,0.0,0.0,0.0,25920.0,25920.0,0.0,0.0,,,,,,,,,15.0,10.0,18.0,160.0
6,June,s432,urgent_first,4,3,2,9,9600,830,8770,0.0865,1.0,1.0,1.0,6.030887152777777,8.6,0.0,0.0,0.0,25920.0,25920.0,0.0,0.0,,,,,,,,,15.0,10.0,18.0,160.0
6,June,s432,rl3_dqn,4,3,2,9,9600,830,8770,0.0865,1.0,1.0,1.0,6.019894097222223,8.616666666666667,0.0,0.0,0.0,25920.0,25920.0,0.0,0.0,1.0,1.0,1.0,1.0,24.0,7.0,10.0,7.0,15.0,10.0,18.0,160.0
8,August,s111,fifo,1,1,1,3,8400,683,7717,0.0813,1.0,1.0,1.0,20.085751984126983,42.516666666666666,0.0,0.0,0.0,8640.0,8640.0,0.0,0.0,,,,,,,,,15.0,10.0,18.0,160.0
8,August,s111,urgent_first,1,1,1,3,8400,683,7717,0.0813,1.0,1.0,1.0,20.759746031746033,29.990000000000027,0.0,0.0,0.0,8640.0,8640.0,0.0,0.0,,,,,,,,,15.0,10.0,18.0,160.0
8,August,s111,rl3_dqn,1,1,1,3,8400,683,7717,0.0813,1.0,1.0,1.0,20.24473015873016,45.55166666666667,0.0,0.0,0.0,8640.0,8640.0,0.0,0.0,1.0,1.0,1.0,0.0,544.0,506.0,38.0,0.0,15.0,10.0,18.0,160.0
8,August,s211,fifo,2,1,1,4,8400,683,7717,0.0813,1.0,1.0,1.0,8.311392857142856,13.25,0.0,0.0,0.0,11520.0,11520.0,0.0,0.0,,,,,,,,,15.0,10.0,18.0,160.0
8,August,s211,urgent_first,2,1,1,4,8400,683,7717,0.0813,1.0,1.0,1.0,8.339055555555555,12.716666666666667,0.0,0.0,0.0,11520.0,11520.0,0.0,0.0,,,,,,,,,15.0,10.0,18.0,160.0
8,August,s211,rl3_dqn,2,1,1,4,8400,683,7717,0.0813,1.0,1.0,1.0,8.367011904761906,13.483333333333333,0.0,0.0,0.0,11520.0,11520.0,0.0,0.0,1.0,1.0,1.0,0.0,345.0,86.0,259.0,0.0,15.0,10.0,18.0,160.0
8,August,s121,fifo,1,2,1,4,8400,683,7717,0.0813,1.0,1.0,1.0,19.79573015873016,42.30333333333334,0.0,0.0,0.0,11520.0,11520.0,0.0,0.0,,,,,,,,,15.0,10.0,18.0,160.0
8,August,s121,urgent_first,1,2,1,4,8400,683,7717,0.0813,1.0,1.0,1.0,20.642611111111112,29.851666666666674,0.0,0.0,0.0,11520.0,11520.0,0.0,0.0,,,,,,,,,15.0,10.0,18.0,160.0
8,August,s121,rl3_dqn,1,2,1,4,8400,683,7717,0.0813,1.0,1.0,1.0,19.620626984126982,43.25,0.0,0.0,0.0,11520.0,11520.0,0.0,0.0,1.0,1.0,0.0,1.0,512.0,502.0,0.0,10.0,15.0,10.0,18.0,160.0
8,August,s112,fifo,1,1,2,4,8400,683,7717,0.0813,1.0,1.0,1.0,20.022869047619047,42.5,0.0,0.0,0.0,11520.0,11520.0,0.0,0.0,,,,,,,,,15.0,10.0,18.0,160.0
8,August,s112,urgent_first,1,1,2,4,8400,683,7717,0.0813,1.0,1.0,1.0,20.801093253968254,30.333333333333332,0.0,0.0,0.0,11520.0,11520.0,0.0,0.0,,,,,,,,,15.0,10.0,18.0,160.0
8,August,s112,rl3_dqn,1,1,2,4,8400,683,7717,0.0813,1.0,1.0,1.0,20.22362896825397,45.40333333333334,0.0,0.0,0.0,11520.0,11520.0,0.0,0.0,1.0,1.0,1.0,0.0,543.0,506.0,37.0,0.0,15.0,10.0,18.0,160.0
8,August,s221,fifo,2,2,1,5,8400,683,7717,0.0813,1.0,1.0,1.0,6.767605158730158,9.833333333333334,0.0,0.0,0.0,14400.0,14400.0,0.0,0.0,,,,,,,,,15.0,10.0,18.0,160.0
8,August,s221,urgent_first,2,2,1,5,8400,683,7717,0.0813,1.0,1.0,1.0,6.7750853174603165,9.833333333333334,0.0,0.0,0.0,14400.0,14400.0,0.0,0.0,,,,,,,,,15.0,10.0,18.0,160.0
8,August,s221,rl3_dqn,2,2,1,5,8400,683,7717,0.0813,1.0,1.0,1.0,6.778779761904762,9.85,0.0,0.0,0.0,14400.0,14400.0,0.0,0.0,1.0,1.0,1.0,1.0,145.0,86.0,11.0,48.0,15.0,10.0,18.0,160.0
8,August,s212,fifo,2,1,2,5,8400,683,7717,0.0813,1.0,1.0,1.0,8.305865079365079,13.316666666666666,0.0,0.0,0.0,14400.0,14400.0,0.0,0.0,,,,,,,,,15.0,10.0,18.0,160.0
8,August,s212,urgent_first,2,1,2,5,8400,683,7717,0.0813,1.0,1.0,1.0,8.324313492063492,12.701666666666672,0.0,0.0,0.0,14400.0,14400.0,0.0,0.0,,,,,,,,,15.0,10.0,18.0,160.0
8,August,s212,rl3_dqn,2,1,2,5,8400,683,7717,0.0813,1.0,1.0,1.0,8.344275793650795,13.466666666666667,0.0,0.0,0.0,14400.0,14400.0,0.0,0.0,1.0,1.0,1.0,0.0,347.0,85.0,262.0,0.0,15.0,10.0,18.0,160.0
8,August,s122,fifo,1,2,2,5,8400,683,7717,0.0813,1.0,1.0,1.0,19.679375,42.65,0.0,0.0,0.0,14400.0,14400.0,0.0,0.0,,,,,,,,,15.0,10.0,18.0,160.0
8,August,s122,urgent_first,1,2,2,5,8400,683,7717,0.0813,1.0,1.0,1.0,20.27649603174603,29.018333333333338,0.0,0.0,0.0,14400.0,14400.0,0.0,0.0,,,,,,,,,15.0,10.0,18.0,160.0
8,August,s122,rl3_dqn,1,2,2,5,8400,683,7717,0.0813,1.0,1.0,1.0,19.576071428571428,43.40166666666667,0.0,0.0,0.0,14400.0,14400.0,0.0,0.0,1.0,1.0,0.0,0.0,500.0,500.0,0.0,0.0,15.0,10.0,18.0,160.0
8,August,s311,fifo,3,1,1,5,8400,683,7717,0.0813,1.0,1.0,1.0,8.185257936507936,13.05,0.0,0.0,0.0,14400.0,14400.0,0.0,0.0,,,,,,,,,15.0,10.0,18.0,160.0
8,August,s311,urgent_first,3,1,1,5,8400,683,7717,0.0813,1.0,1.0,1.0,8.217658730158732,12.433333333333334,0.0,0.0,0.0,14400.0,14400.0,0.0,0.0,,,,,,,,,15.0,10.0,18.0,160.0
8,August,s311,rl3_dqn,3,1,1,5,8400,683,7717,0.0813,1.0,1.0,1.0,8.17778373015873,13.016666666666667,0.0,0.0,0.0,14400.0,14400.0,0.0,0.0,1.0,1.0,1.0,0.0,301.0,15.0,286.0,0.0,15.0,10.0,18.0,160.0
8,August,s231,fifo,2,3,1,6,8400,683,7717,0.0813,1.0,1.0,1.0,6.747404761904763,9.818333333333339,0.0,0.0,0.0,17280.0,17280.0,0.0,0.0,,,,,,,,,15.0,10.0,18.0,160.0
8,August,s231,urgent_first,2,3,1,6,8400,683,7717,0.0813,1.0,1.0,1.0,6.752484126984127,9.785000000000005,0.0,0.0,0.0,17280.0,17280.0,0.0,0.0,,,,,,,,,15.0,10.0,18.0,160.0
8,August,s231,rl3_dqn,2,3,1,6,8400,683,7717,0.0813,1.0,1.0,1.0,6.749244047619047,9.785000000000005,0.0,0.0,0.0,17280.0,17280.0,0.0,0.0,1.0,1.0,1.0,1.0,159.0,86.0,2.0,71.0,15.0,10.0,18.0,160.0
8,August,s312,fifo,3,1,2,6,8400,683,7717,0.0813,1.0,1.0,1.0,8.168573412698413,12.983333333333333,0.0,0.0,0.0,17280.0,17280.0,0.0,0.0,,,,,,,,,15.0,10.0,18.0,160.0
8,August,s312,urgent_first,3,1,2,6,8400,683,7717,0.0813,1.0,1.0,1.0,8.188275793650794,12.383333333333333,0.0,0.0,0.0,17280.0,17280.0,0.0,0.0,,,,,,,,,15.0,10.0,18.0,160.0
8,August,s312,rl3_dqn,3,1,2,6,8400,683,7717,0.0813,1.0,1.0,1.0,8.167295634920634,13.016666666666667,0.0,0.0,0.0,17280.0,17280.0,0.0,0.0,1.0,1.0,1.0,0.0,303.0,15.0,288.0,0.0,15.0,10.0,18.0,160.0
8,August,s222,fifo,2,2,2,6,8400,683,7717,0.0813,1.0,1.0,1.0,6.4762876984126985,9.333333333333334,0.0,0.0,0.0,17280.0,17280.0,0.0,0.0,,,,,,,,,15.0,10.0,18.0,160.0
8,August,s222,urgent_first,2,2,2,6,8400,683,7717,0.0813,1.0,1.0,1.0,6.479680555555555,9.351666666666672,0.0,0.0,0.0,17280.0,17280.0,0.0,0.0,,,,,,,,,15.0,10.0,18.0,160.0
8,August,s222,rl3_dqn,2,2,2,6,8400,683,7717,0.0813,1.0,1.0,1.0,6.471642857142857,9.4,0.0,0.0,0.0,17280.0,17280.0,0.0,0.0,1.0,1.0,1.0,1.0,104.0,88.0,12.0,4.0,15.0,10.0,18.0,160.0
8,August,s321,fifo,3,2,1,6,8400,683,7717,0.0813,1.0,1.0,1.0,6.4930595238095234,9.283333333333333,0.0,0.0,0.0,17280.0,17280.0,0.0,0.0,,,,,,,,,15.0,10.0,18.0,160.0
8,August,s321,urgent_first,3,2,1,6,8400,683,7717,0.0813,1.0,1.0,1.0,6.498128968253967,9.316666666666666,0.0,0.0,0.0,17280.0,17280.0,0.0,0.0,,,,,,,,,15.0,10.0,18.0,160.0
8,August,s321,rl3_dqn,3,2,1,6,8400,683,7717,0.0813,1.0,1.0,1.0,6.489978174603174,9.283333333333333,0.0,0.0,0.0,17280.0,17280.0,0.0,0.0,1.0,1.0,1.0,1.0,104.0,16.0,34.0,54.0,15.0,10.0,18.0,160.0
8,August,s322,fifo,3,2,2,7,8400,683,7717,0.0813,1.0,1.0,1.0,6.182517857142857,8.833333333333334,0.0,0.0,0.0,20160.0,20160.0,0.0,0.0,,,,,,,,,15.0,10.0,18.0,160.0
8,August,s322,urgent_first,3,2,2,7,8400,683,7717,0.0813,1.0,1.0,1.0,6.1827281746031755,8.833333333333334,0.0,0.0,0.0,20160.0,20160.0,0.0,0.0,,,,,,,,,15.0,10.0,18.0,160.0
8,August,s322,rl3_dqn,3,2,2,7,8400,683,7717,0.0813,1.0,1.0,1.0,6.167964285714285,8.833333333333334,0.0,0.0,0.0,20160.0,20160.0,0.0,0.0,1.0,1.0,1.0,1.0,56.0,17.0,37.0,2.0,15.0,10.0,18.0,160.0
8,August,s331,fifo,3,3,1,7,8400,683,7717,0.0813,1.0,1.0,1.0,6.456343253968254,9.2,0.0,0.0,0.0,20160.0,20160.0,0.0,0.0,,,,,,,,,15.0,10.0,18.0,160.0
8,August,s331,urgent_first,3,3,1,7,8400,683,7717,0.0813,1.0,1.0,1.0,6.4608888888888885,9.2,0.0,0.0,0.0,20160.0,20160.0,0.0,0.0,,,,,,,,,15.0,10.0,18.0,160.0
8,August,s331,rl3_dqn,3,3,1,7,8400,683,7717,0.0813,1.0,1.0,1.0,6.448730158730159,9.25,0.0,0.0,0.0,20160.0,20160.0,0.0,0.0,1.0,1.0,1.0,1.0,119.0,16.0,9.0,94.0,15.0,10.0,18.0,160.0
8,August,s332,fifo,3,3,2,8,8400,683,7717,0.0813,1.0,1.0,1.0,6.087654761904762,8.716666666666667,0.0,0.0,0.0,23040.0,23040.0,0.0,0.0,,,,,,,,,15.0,10.0,18.0,160.0
8,August,s332,urgent_first,3,3,2,8,8400,683,7717,0.0813,1.0,1.0,1.0,6.087744047619048,8.716666666666667,0.0,0.0,0.0,23040.0,23040.0,0.0,0.0,,,,,,,,,15.0,10.0,18.0,160.0
8,August,s332,rl3_dqn,3,3,2,8,8400,683,7717,0.0813,1.0,1.0,1.0,6.078827380952381,8.716666666666667,0.0,0.0,0.0,23040.0,23040.0,0.0,0.0,1.0,1.0,1.0,1.0,36.0,17.0,8.0,11.0,15.0,10.0,18.0,160.0
8,August,s432,fifo,4,3,2,9,8400,683,7717,0.0813,1.0,1.0,1.0,6.047013888888888,8.65,0.0,0.0,0.0,25920.0,25920.0,0.0,0.0,,,,,,,,,15.0,10.0,18.0,160.0
8,August,s432,urgent_first,4,3,2,9,8400,683,7717,0.0813,1.0,1.0,1.0,6.047154761904761,8.65,0.0,0.0,0.0,25920.0,25920.0,0.0,0.0,,,,,,,,,15.0,10.0,18.0,160.0
8,August,s432,rl3_dqn,4,3,2,9,8400,683,7717,0.0813,1.0,1.0,1.0,6.036367063492064,8.65,0.0,0.0,0.0,25920.0,25920.0,0.0,0.0,1.0,1.0,1.0,1.0,25.0,5.0,9.0,11.0,15.0,10.0,18.0,160.0
10,October,s111,fifo,1,1,1,3,20400,3097,17303,0.1518,0.03877450980392157,0.0032289312237649337,0.04513668150031786,14488.610327614379,25983.558333333334,3087.0,16522.0,211525.0,8640.0,220165.0,0.0,-119965.0,,,,,,,,,15.0,10.0,18.0,160.0
10,October,s111,urgent_first,1,1,1,3,20400,3097,17303,0.1518,0.5511764705882353,1.0,0.47084320638039645,14662.784194444444,49177.33333333334,0.0,9156.0,91560.0,8640.0,100200.0,119965.0,0.0,,,,,,,,,15.0,10.0,18.0,160.0
10,October,s111,rl3_dqn,1,1,1,3,20400,3097,17303,0.1518,0.17558823529411766,1.0,0.02802982141825117,14696.410401143788,26762.670000000006,0.0,16818.0,168180.0,8640.0,176820.0,43345.0,-76620.0,0.9859987554449284,0.9866156787762906,0.9605263157894737,0.0,3214.0,3138.0,76.0,0.0,15.0,10.0,18.0,160.0
10,October,s211,fifo,2,1,1,4,20400,3097,17303,0.1518,0.8159803921568628,0.08136906683887633,0.9474657573831128,817.4954942810457,1342.1416666666669,2845.0,909.0,51765.0,11520.0,63285.0,0.0,-34405.0,,,,,,,,,15.0,10.0,18.0,160.0
10,October,s211,urgent_first,2,1,1,4,20400,3097,17303,0.1518,0.9149019607843137,1.0,0.8996705773565278,818.7306356209151,1226.0850000000014,0.0,1736.0,17360.0,11520.0,28880.0,34405.0,0.0,,,,,,,,,15.0,10.0,18.0,160.0
10,October,s211,rl3_dqn,2,1,1,4,20400,3097,17303,0.1518,0.8496078431372549,1.0,0.8226897069872277,810.7452140522876,1569.5166666666667,0.0,3068.0,30680.0,11520.0,42200.0,21085.0,-13320.0,0.8317873459781254,0.9257849666983825,0.758968058968059,0.0,7223.0,3153.0,4070.0,0.0,15.0,10.0,18.0,160.0
10,October,s121,fifo,1,2,1,4,20400,3097,17303,0.1518,0.03877450980392157,0.0032289312237649337,0.04513668150031786,14519.424930555555,26040.76166666667,3087.0,16522.0,211525.0,11520.0,223045.0,0.0,-120055.0,,,,,,,,,15.0,10.0,18.0,160.0
10,October,s121,urgent_first,1,2,1,4,20400,3097,17303,0.1518,0.5516176470588235,1.0,0.47136334739640523,14632.829954248366,49121.73,0.0,9147.0,91470.0,11520.0,102990.0,120055.0,0.0,,,,,,,,,15.0,10.0,18.0,160.0
10,October,s121,rl3_dqn,1,2,1,4,20400,3097,17303,0.1518,0.17549019607843136,1.0,0.027914234525804774,14691.587873366014,26779.148333333338,0.0,16820.0,168200.0,11520.0,179720.0,43325.0,-76730.0,0.9816687737041719,0.9869301880777813,0.0,0.37037037037037035,3164.0,3137.0,0.0,27.0,15.0,10.0,18.0,160.0
10,October,s112,fifo,1,1,2,4,20400,3097,17303,0.1518,0.03877450980392157,0.0032289312237649337,0.04513668150031786,14487.26796405229,25980.58666666667,3087.0,16522.0,211525.0,11520.0,223045.0,0.0,-119725.0,,,,,,,,,15.0,10.0,18.0,160.0
10,October,s112,urgent_first,1,1,2,4,20400,3097,17303,0.1518,0.55,1.0,0.4694561636710397,14603.901055555554,49080.270000000004,0.0,9180.0,91800.0,11520.0,103320.0,119725.0,0.0,,,,,,,,,15.0,10.0,18.0,160.0
10,October,s112,rl3_dqn,1,1,2,4,20400,3097,17303,0.1518,0.17524509803921567,1.0,0.027625267294688782,14725.000334150327,26809.136666666673,0.0,16825.0,168250.0,11520.0,179770.0,43275.0,-76450.0,0.9875272840661053,0.9875598086124402,0.9861111111111112,0.0,3207.0,3135.0,72.0,0.0,15.0,10.0,18.0,160.0
10,October,s221,fifo,2,2,1,5,20400,3097,17303,0.1518,0.9551960784313726,0.7048756861478851,1.0,169.03131290849672,313.97166666666675,914.0,0.0,13710.0,14400.0,28110.0,0.0,-13710.0,,,,,,,,,15.0,10.0,18.0,160.0
10,October,s221,urgent_first,2,2,1,5,20400,3097,17303,0.1518,1.0,1.0,1.0,171.40335049019606,649.3416666666669,0.0,0.0,0.0,14400.0,14400.0,13710.0,0.0,,,,,,,,,15.0,10.0,18.0,160.0
10,October,s221,rl3_dqn,2,2,1,5,20400,3097,17303,0.1518,1.0,1.0,1.0,170.37535702614377,337.7683333333334,0.0,0.0,0.0,14400.0,14400.0,13710.0,0.0,0.9971461187214612,0.9965846994535519,1.0,1.0,3504.0,2928.0,102.0,474.0,15.0,10.0,18.0,160.0
10,October,s212,fifo,2,1,2,5,20400,3097,17303,0.1518,0.8388235294117647,0.08556667742977074,0.9736461885222216,779.568512254902,1275.2016666666668,2832.0,456.0,47040.0,14400.0,61440.0,0.0,-29600.0,,,,,,,,,15.0,10.0,18.0,160.0
10,October,s212,urgent_first,2,1,2,5,20400,3097,17303,0.1518,0.9145098039215687,1.0,0.8992082297867422,817.6507998366013,1238.6916666666668,0.0,1744.0,17440.0,14400.0,31840.0,29600.0,0.0,,,,,,,,,15.0,10.0,18.0,160.0
10,October,s212,rl3_dqn,2,1,2,5,20400,3097,17303,0.1518,0.8513725490196078,1.0,0.8247702710512628,822.7277385620915,1562.6516666666673,0.0,3032.0,30320.0,14400.0,44720.0,16720.0,-12880.0,0.8166621364501223,0.9205548549810845,0.7379359770664119,0.0,7358.0,3172.0,4186.0,0.0,15.0,10.0,18.0,160.0
10,October,s122,fifo,1,2,2,5,20400,3097,17303,0.1518,0.03877450980392157,0.0032289312237649337,0.04513668150031786,14515.617569444445,26031.178333333333,3087.0,16522.0,211525.0,14400.0,225925.0,0.0,-119875.0,,,,,,,,,15.0,10.0,18.0,160.0
10,October,s122,urgent_first,1,2,2,5,20400,3097,17303,0.1518,0.5507352941176471,1.0,0.47032306536438767,14684.736820261438,49201.02000000001,0.0,9165.0,91650.0,14400.0,106050.0,119875.0,0.0,,,,,,,,,15.0,10.0,18.0,160.0
10,October,s122,rl3_dqn,1,2,2,5,20400,3097,17303,0.1518,0.17549019607843136,1.0,0.027914234525804774,14691.071732843138,26778.511666666673,0.0,16820.0,168200.0,14400.0,182600.0,43325.0,-76550.0,0.9856779121578613,0.9863013698630136,0.0,0.3333333333333333,3142.0,3139.0,0.0,3.0,15.0,10.0,18.0,160.0
10,October,s311,fifo,3,1,1,5,20400,3097,17303,0.1518,0.8392156862745098,0.08427510494026477,0.9743397098769,779.5237679738563,1277.5533333333333,2836.0,444.0,46980.0,14400.0,61380.0,0.0,-24640.0,,,,,,,,,15.0,10.0,18.0,160.0
10,October,s311,urgent_first,3,1,1,5,20400,3097,17303,0.1518,0.8904901960784314,1.0,0.870889441137375,811.8002091503267,1897.3133333333344,0.0,2234.0,22340.0,14400.0,36740.0,24640.0,0.0,,,,,,,,,15.0,10.0,18.0,160.0
10,October,s311,rl3_dqn,3,1,1,5,20400,3097,17303,0.1518,0.8361764705882353,1.0,0.8068543027220714,827.0011486928105,1593.6950000000006,0.0,3342.0,33420.0,14400.0,47820.0,13560.0,-11080.0,1.0,1.0,1.0,0.0,5481.0,2391.0,3090.0,0.0,15.0,10.0,18.0,160.0
10,October,s231,fifo,2,3,1,6,20400,3097,17303,0.1518,0.9556372549019608,0.7077817242492734,1.0,169.06314869281047,315.03333333333336,905.0,0.0,13575.0,17280.0,30855.0,0.0,-13575.0,,,,,,,,,15.0,10.0,18.0,160.0
10,October,s231,urgent_first,2,3,1,6,20400,3097,17303,0.1518,1.0,1.0,1.0,170.89269035947711,651.8483333333337,0.0,0.0,0.0,17280.0,17280.0,13575.0,0.0,,,,,,,,,15.0,10.0,18.0,160.0
10,October,s231,rl3_dqn,2,3,1,6,20400,3097,17303,0.1518,1.0,1.0,1.0,170.31931535947712,338.31666666666666,0.0,0.0,0.0,17280.0,17280.0,13575.0,0.0,0.9969308035714286,0.9969283276450512,1.0,0.9968944099378882,3584.0,2930.0,10.0,644.0,15.0,10.0,18.0,160.0
10,October,s312,fifo,3,1,2,6,20400,3097,17303,0.1518,0.8368627450980393,0.08459799806264126,0.9715078310119633,784.337533496732,1285.8566666666668,2835.0,493.0,47455.0,17280.0,64735.0,0.0,-24905.0,,,,,,,,,15.0,10.0,18.0,160.0
10,October,s312,urgent_first,3,1,2,6,20400,3097,17303,0.1518,0.8894607843137254,1.0,0.8696757787666879,820.6762834967319,1923.6683333333565,0.0,2255.0,22550.0,17280.0,39830.0,24905.0,0.0,,,,,,,,,15.0,10.0,18.0,160.0
10,October,s312,rl3_dqn,3,1,2,6,20400,3097,17303,0.1518,0.841078431372549,1.0,0.8126336473443911,815.6058480392156,1592.5916666666667,0.0,3242.0,32420.0,17280.0,49700.0,15035.0,-9870.0,1.0,1.0,1.0,0.0,5477.0,2387.0,3090.0,0.0,15.0,10.0,18.0,160.0
10,October,s222,fifo,2,2,2,6,20400,3097,17303,0.1518,0.9556862745098039,0.70810461737165,1.0,168.46581454248368,312.76666666666665,904.0,0.0,13560.0,17280.0,30840.0,0.0,-13560.0,,,,,,,,,15.0,10.0,18.0,160.0
10,October,s222,urgent_first,2,2,2,6,20400,3097,17303,0.1518,1.0,1.0,1.0,171.302397875817,649.6083333333336,0.0,0.0,0.0,17280.0,17280.0,13560.0,0.0,,,,,,,,,15.0,10.0,18.0,160.0
10,October,s222,rl3_dqn,2,2,2,6,20400,3097,17303,0.1518,1.0,1.0,1.0,170.01681209150328,337.68500000000006,0.0,0.0,0.0,17280.0,17280.0,13560.0,0.0,0.9970588235294118,0.99692727893479,1.0,1.0,3060.0,2929.0,117.0,14.0,15.0,10.0,18.0,160.0
10,October,s321,fifo,3,2,1,6,20400,3097,17303,0.1518,1.0,1.0,1.0,31.966649509803922,62.333333333333336,0.0,0.0,0.0,17280.0,17280.0,0.0,0.0,,,,,,,,,15.0,10.0,18.0,160.0
10,October,s321,urgent_first,3,2,1,6,20400,3097,17303,0.1518,1.0,1.0,1.0,32.303432189542484,67.29500000000026,0.0,0.0,0.0,17280.0,17280.0,0.0,0.0,,,,,,,,,15.0,10.0,18.0,160.0
10,October,s321,rl3_dqn,3,2,1,6,20400,3097,17303,0.1518,1.0,1.0,1.0,32.48536111111111,70.33666666666673,0.0,0.0,0.0,17280.0,17280.0,0.0,0.0,1.0,1.0,1.0,1.0,6153.0,2396.0,1338.0,2419.0,15.0,10.0,18.0,160.0
10,October,s322,fifo,3,2,2,7,20400,3097,17303,0.1518,1.0,1.0,1.0,21.06467320261438,41.46666666666667,0.0,0.0,0.0,20160.0,20160.0,0.0,0.0,,,,,,,,,15.0,10.0,18.0,160.0
10,October,s322,urgent_first,3,2,2,7,20400,3097,17303,0.1518,1.0,1.0,1.0,21.370927287581697,31.75,0.0,0.0,0.0,20160.0,20160.0,0.0,0.0,,,,,,,,,15.0,10.0,18.0,160.0
10,October,s322,rl3_dqn,3,2,2,7,20400,3097,17303,0.1518,1.0,1.0,1.0,21.590375,45.53333333333333,0.0,0.0,0.0,20160.0,20160.0,0.0,0.0,1.0,1.0,1.0,1.0,3765.0,2395.0,1361.0,9.0,15.0,10.0,18.0,160.0
10,October,s331,fifo,3,3,1,7,20400,3097,17303,0.1518,1.0,1.0,1.0,31.486937091503265,61.88333333333333,0.0,0.0,0.0,20160.0,20160.0,0.0,0.0,,,,,,,,,15.0,10.0,18.0,160.0
10,October,s331,urgent_first,3,3,1,7,20400,3097,17303,0.1518,1.0,1.0,1.0,32.16366503267974,68.76666666666667,0.0,0.0,0.0,20160.0,20160.0,0.0,0.0,,,,,,,,,15.0,10.0,18.0,160.0
10,October,s331,rl3_dqn,3,3,1,7,20400,3097,17303,0.1518,1.0,1.0,1.0,32.26873284313725,70.61666666666666,0.0,0.0,0.0,20160.0,20160.0,0.0,0.0,1.0,1.0,1.0,1.0,5041.0,2376.0,114.0,2551.0,15.0,10.0,18.0,160.0
10,October,s332,fifo,3,3,2,8,20400,3097,17303,0.1518,1.0,1.0,1.0,20.103964869281043,40.71833333333337,0.0,0.0,0.0,23040.0,23040.0,0.0,0.0,,,,,,,,,15.0,10.0,18.0,160.0
10,October,s332,urgent_first,3,3,2,8,20400,3097,17303,0.1518,1.0,1.0,1.0,20.425639705882354,30.18666666666674,0.0,0.0,0.0,23040.0,23040.0,0.0,0.0,,,,,,,,,15.0,10.0,18.0,160.0
10,October,s332,rl3_dqn,3,3,2,8,20400,3097,17303,0.1518,1.0,1.0,1.0,20.392075980392157,44.40500000000011,0.0,0.0,0.0,23040.0,23040.0,0.0,0.0,1.0,1.0,1.0,1.0,2579.0,2378.0,91.0,110.0,15.0,10.0,18.0,160.0
10,October,s432,fifo,4,3,2,9,20400,3097,17303,0.1518,1.0,1.0,1.0,8.39424428104575,12.9,0.0,0.0,0.0,25920.0,25920.0,0.0,0.0,,,,,,,,,15.0,10.0,18.0,160.0
10,October,s432,urgent_first,4,3,2,9,20400,3097,17303,0.1518,1.0,1.0,1.0,8.426044934640524,12.583333333333334,0.0,0.0,0.0,25920.0,25920.0,0.0,0.0,,,,,,,,,15.0,10.0,18.0,160.0
10,October,s432,rl3_dqn,4,3,2,9,20400,3097,17303,0.1518,1.0,1.0,1.0,8.426159313725492,12.95,0.0,0.0,0.0,25920.0,25920.0,0.0,0.0,1.0,1.0,1.0,1.0,1479.0,1011.0,340.0,128.0,15.0,10.0,18.0,160.0
12,December,s111,fifo,1,1,1,3,40800,10345,30455,0.2536,0.006715686274509804,0.002029966167230546,0.008307338696437367,79726.59393913398,142805.98166666666,10324.0,30202.0,456880.0,8640.0,465520.0,0.0,-69660.0,,,,,,,,,15.0,10.0,18.0,160.0
12,December,s111,urgent_first,1,1,1,3,40800,10345,30455,0.2536,0.11862745098039215,0.46602223296278394,0.0006238712855032014,81952.70375735295,168222.02333333332,5524.0,30436.0,387220.0,8640.0,395860.0,69660.0,0.0,,,,,,,,,15.0,10.0,18.0,160.0
12,December,s111,rl3_dqn,1,1,1,3,40800,10345,30455,0.2536,0.008455882352941176,0.00763653939101015,0.00873419799704482,77693.35745547386,153249.68166666667,10266.0,30189.0,455880.0,8640.0,464520.0,1000.0,-68660.0,0.0024581298548064633,0.0024581298548064633,0.0,0.0,30511.0,30511.0,0.0,0.0,15.0,10.0,18.0,160.0
12,December,s211,fifo,2,1,1,4,40800,10345,30455,0.2536,0.01357843137254902,0.0034799420009666506,0.017008701362666228,31078.73463153595,55032.09666666667,10309.0,29937.0,454005.0,11520.0,465525.0,0.0,-155250.0,,,,,,,,,15.0,10.0,18.0,160.0
12,December,s211,urgent_first,2,1,1,4,40800,10345,30455,0.2536,0.29669117647058824,0.7717738037699372,0.1353143982925628,33011.142848447715,81285.40333333332,2361.0,26334.0,298755.0,11520.0,310275.0,155250.0,0.0,,,,,,,,,15.0,10.0,18.0,160.0
12,December,s211,rl3_dqn,2,1,1,4,40800,10345,30455,0.2536,0.016862745098039214,0.014499758337361043,0.017665407978985387,28806.276802287583,69477.69666666663,10195.0,29917.0,452095.0,11520.0,463615.0,1910.0,-153340.0,0.009183444112641685,0.004679013153589425,0.24612736660929432,0.0,31143.0,30562.0,581.0,0.0,15.0,10.0,18.0,160.0
12,December,s121,fifo,1,2,1,4,40800,10345,30455,0.2536,0.006715686274509804,0.002029966167230546,0.008307338696437367,79738.8767377451,142865.255,10324.0,30202.0,456880.0,11520.0,468400.0,0.0,-69550.0,,,,,,,,,15.0,10.0,18.0,160.0
12,December,s121,urgent_first,1,2,1,4,40800,10345,30455,0.2536,0.11845588235294117,0.4652489125181247,0.0006567066163191594,81865.01570465686,167988.60166666665,5532.0,30435.0,387330.0,11520.0,398850.0,69550.0,0.0,,,,,,,,,15.0,10.0,18.0,160.0
12,December,s121,rl3_dqn,1,2,1,4,40800,10345,30455,0.2536,0.008480392156862745,0.007733204446592557,0.00873419799704482,77725.88761519607,153304.17833333334,10265.0,30189.0,455865.0,11520.0,467385.0,1015.0,-68535.0,0.0024907416510995314,0.0024907416510995314,0.0,0.0,30513.0,30513.0,0.0,0.0,15.0,10.0,18.0,160.0
12,December,s112,fifo,1,1,2,4,40800,10345,30455,0.2536,0.006715686274509804,0.002029966167230546,0.008307338696437367,79725.63679697712,142803.365,10324.0,30202.0,456880.0,11520.0,468400.0,0.0,-69480.0,,,,,,,,,15.0,10.0,18.0,160.0
12,December,s112,urgent_first,1,1,2,4,40800,10345,30455,0.2536,0.11833333333333333,0.4648622522957951,0.0006238712855032014,81787.97317933007,168078.70833333334,5536.0,30436.0,387400.0,11520.0,398920.0,69480.0,0.0,,,,,,,,,15.0,10.0,18.0,160.0
12,December,s112,rl3_dqn,1,1,2,4,40800,10345,30455,0.2536,0.008455882352941176,0.00763653939101015,0.00873419799704482,77698.03119812091,153257.44666666666,10266.0,30189.0,455880.0,11520.0,467400.0,1000.0,-68480.0,0.0024581298548064633,0.0024581298548064633,0.0,0.0,30511.0,30511.0,0.0,0.0,15.0,10.0,18.0,160.0
12,December,s221,fifo,2,2,1,5,40800,10345,30455,0.2536,0.014558823529411765,0.0037699371677138716,0.018223608602856673,28738.293277369277,50741.72833333333,10306.0,29900.0,453590.0,14400.0,467990.0,0.0,-176575.0,,,,,,,,,15.0,10.0,18.0,160.0
12,December,s221,urgent_first,2,2,1,5,40800,10345,30455,0.2536,0.34411764705882353,0.8179797003383277,0.18315547529141357,29602.3657622549,78478.50666666664,1883.0,24877.0,277015.0,14400.0,291415.0,176575.0,0.0,,,,,,,,,15.0,10.0,18.0,160.0
12,December,s221,rl3_dqn,2,2,1,5,40800,10345,30455,0.2536,0.017990196078431372,0.01749637506041566,0.018157937941224757,27677.32836805555,66770.62666666666,10164.0,29902.0,451480.0,14400.0,465880.0,2110.0,-174465.0,0.005752761979473099,0.0057202628052168795,1.0,0.0,30594.0,30593.0,1.0,0.0,15.0,10.0,18.0,160.0
12,December,s212,fifo,2,1,2,5,40800,10345,30455,0.2536,0.013529411764705882,0.0034799420009666506,0.016943030701034312,31003.500289624182,54878.665,10309.0,29939.0,454025.0,14400.0,468425.0,0.0,-155860.0,,,,,,,,,15.0,10.0,18.0,160.0
12,December,s212,urgent_first,2,1,2,5,40800,10345,30455,0.2536,0.2975,0.7768003866602223,0.1346905270070596,32979.96860375817,81344.66,2309.0,26353.0,298165.0,14400.0,312565.0,155860.0,0.0,,,,,,,,,15.0,10.0,18.0,160.0
12,December,s212,rl3_dqn,2,1,2,5,40800,10345,30455,0.2536,0.016838235294117647,0.014693088448525857,0.017566901986537514,28800.00582720588,69389.61666666667,10193.0,29920.0,452095.0,14400.0,466495.0,1930.0,-153930.0,0.009314575705017022,0.004744298661780584,0.2539404553415061,0.0,31134.0,30563.0,571.0,0.0,15.0,10.0,18.0,160.0
12,December,s122,fifo,1,2,2,5,40800,10345,30455,0.2536,0.006715686274509804,0.002029966167230546,0.008307338696437367,79774.51869812091,142905.62166666667,10324.0,30202.0,456880.0,14400.0,471280.0,0.0,-70330.0,,,,,,,,,15.0,10.0,18.0,160.0
12,December,s122,urgent_first,1,2,2,5,40800,10345,30455,0.2536,0.11973039215686275,0.47027549540840985,0.0006567066163191594,81865.54200857843,168251.96166666667,5480.0,30435.0,386550.0,14400.0,400950.0,70330.0,0.0,,,,,,,,,15.0,10.0,18.0,160.0
12,December,s122,rl3_dqn,1,2,2,5,40800,10345,30455,0.2536,0.008504901960784314,0.007733204446592557,0.008767033327860779,77721.82169934642,153287.76166666666,10265.0,30188.0,455855.0,14400.0,470255.0,1025.0,-69305.0,0.0024907416510995314,0.0024907416510995314,0.0,0.0,30513.0,30513.0,0.0,0.0,15.0,10.0,18.0,160.0
12,December,s311,fifo,3,1,1,5,40800,10345,30455,0.2536,0.013627450980392157,0.0034799420009666506,0.017074372024298144,31060.710419117644,54972.17166666666,10309.0,29935.0,453985.0,14400.0,468385.0,0.0,-152990.0,,,,,,,,,15.0,10.0,18.0,160.0
12,December,s311,urgent_first,3,1,1,5,40800,10345,30455,0.2536,0.29230392156862745,0.7630739487675205,0.13239205384994254,33023.717895016336,81283.75833333333,2451.0,26423.0,300995.0,14400.0,315395.0,152990.0,0.0,,,,,,,,,15.0,10.0,18.0,160.0
12,December,s311,rl3_dqn,3,1,1,5,40800,10345,30455,0.2536,0.01713235294117647,0.014983083615273078,0.017862419963881136,28800.85850081699,69350.34333333331,10190.0,29911.0,451960.0,14400.0,466360.0,2025.0,-150965.0,0.007137134950112883,0.004780302534215179,0.013895408881795137,0.0,41193.0,30542.0,10651.0,0.0,15.0,10.0,18.0,160.0
12,December,s231,fifo,2,3,1,6,40800,10345,30455,0.2536,0.014558823529411765,0.0037699371677138716,0.018223608602856673,28697.997505310457,50706.18666666666,10306.0,29900.0,453590.0,17280.0,470870.0,0.0,-176420.0,,,,,,,,,15.0,10.0,18.0,160.0
12,December,s231,urgent_first,2,3,1,6,40800,10345,30455,0.2536,0.343921568627451,0.8165297245045916,0.18338532260712526,29542.20070261438,78053.87499999999,1898.0,24870.0,277170.0,17280.0,294450.0,176420.0,0.0,,,,,,,,,15.0,10.0,18.0,160.0
12,December,s231,rl3_dqn,2,3,1,6,40800,10345,30455,0.2536,0.017794117647058825,0.01749637506041566,0.017895255294697095,27757.014512663394,66899.14666666667,10164.0,29910.0,451560.0,17280.0,468840.0,2030.0,-174390.0,0.005915225987777379,0.005752761979473099,0.0,1.0,30599.0,30594.0,0.0,5.0,15.0,10.0,18.0,160.0
12,December,s312,fifo,3,1,2,6,40800,10345,30455,0.2536,0.013676470588235293,0.0034799420009666506,0.01714004268593006,31042.406199754903,54935.41666666666,10309.0,29933.0,453965.0,17280.0,471245.0,0.0,-154180.0,,,,,,,,,15.0,10.0,18.0,160.0
12,December,s312,urgent_first,3,1,2,6,40800,10345,30455,0.2536,0.29455882352941176,0.7686805219913001,0.1335084550976851,32993.95975898693,81133.59333333334,2393.0,26389.0,299785.0,17280.0,317065.0,154180.0,0.0,,,,,,,,,15.0,10.0,18.0,160.0
12,December,s312,rl3_dqn,3,1,2,6,40800,10345,30455,0.2536,0.017083333333333332,0.01430642822619623,0.018026596617960924,28816.924843954246,69538.9416666665,10197.0,29906.0,452015.0,17280.0,469295.0,1950.0,-152230.0,0.00680057319116897,0.004552153266743081,0.013254371122391428,0.0,41173.0,30535.0,10638.0,0.0,15.0,10.0,18.0,160.0
12,December,s222,fifo,2,2,2,6,40800,10345,30455,0.2536,0.014583333333333334,0.0037699371677138716,0.018256443933672633,28723.03118872549,50736.00166666666,10306.0,29899.0,453580.0,17280.0,470860.0,0.0,-176290.0,,,,,,,,,15.0,10.0,18.0,160.0
12,December,s222,urgent_first,2,2,2,6,40800,10345,30455,0.2536,0.34355392156862746,0.817109714838086,0.18269578065999015,29617.497381944446,78356.35333333333,1892.0,24891.0,277290.0,17280.0,294570.0,176290.0,0.0,,,,,,,,,15.0,10.0,18.0,160.0
12,December,s222,rl3_dqn,2,2,2,6,40800,10345,30455,0.2536,0.017892156862745097,0.017399710004833254,0.018059431948776884,27710.197867238567,66803.99333333333,10165.0,29905.0,451525.0,17280.0,468805.0,2055.0,-174235.0,0.0057202628052168795,0.0057202628052168795,0.0,0.0,30593.0,30593.0,0.0,0.0,15.0,10.0,18.0,160.0
12,December,s321,fifo,3,2,1,6,40800,10345,30455,0.2536,0.0225,0.006379893668438859,0.02797570185519619,11724.953562091505,20131.963333333333,10279.0,29603.0,450215.0,17280.0,467495.0,0.0,-257990.0,,,,,,,,,15.0,10.0,18.0,160.0
12,December,s321,urgent_first,3,2,1,6,40800,10345,30455,0.2536,0.5444362745098039,0.8771387143547608,0.4314234115908718,12038.756116830067,43561.20833333331,1271.0,17316.0,192225.0,17280.0,209505.0,257990.0,0.0,,,,,,,,,15.0,10.0,18.0,160.0
12,December,s321,rl3_dqn,3,2,1,6,40800,10345,30455,0.2536,0.08806372549019607,0.03818269695505075,0.1050073879494336,11055.390074346406,37941.93,9950.0,27257.0,421820.0,17280.0,439100.0,28395.0,-229595.0,0.013082716530320738,0.012603540685398732,0.8,0.7777777777777778,30804.0,30785.0,10.0,9.0,15.0,10.0,18.0,160.0
12,December,s322,fifo,3,2,2,7,40800,10345,30455,0.2536,0.0225,0.006379893668438859,0.02797570185519619,11690.890340277778,20096.003333333334,10279.0,29603.0,450215.0,20160.0,470375.0,0.0,-257745.0,,,,,,,,,15.0,10.0,18.0,160.0
12,December,s322,urgent_first,3,2,2,7,40800,10345,30455,0.2536,0.5440441176470588,0.8754954084098598,0.4314562469216877,12051.128281045752,43941.46666666664,1288.0,17315.0,192470.0,20160.0,212630.0,257745.0,0.0,,,,,,,,,15.0,10.0,18.0,160.0
12,December,s322,rl3_dqn,3,2,2,7,40800,10345,30455,0.2536,0.08610294117647059,0.03818269695505075,0.10238056148415696,11040.661504493464,37280.89,9950.0,27337.0,422620.0,20160.0,442780.0,27595.0,-230150.0,0.013725744694658966,0.013373583925731165,1.0,0.0,30818.0,30807.0,11.0,0.0,15.0,10.0,18.0,160.0
12,December,s331,fifo,3,3,1,7,40800,10345,30455,0.2536,0.022622549019607842,0.006379893668438859,0.028139878509275983,11712.10688112745,20090.326666666664,10279.0,29598.0,450165.0,20160.0,470325.0,0.0,-257290.0,,,,,,,,,15.0,10.0,18.0,160.0
12,December,s331,urgent_first,3,3,1,7,40800,10345,30455,0.2536,0.5432107843137255,0.8742387626872885,0.4307667049745526,12041.098104166667,43321.096666666665,1301.0,17336.0,192875.0,20160.0,213035.0,257290.0,0.0,,,,,,,,,15.0,10.0,18.0,160.0
12,December,s331,rl3_dqn,3,3,1,7,40800,10345,30455,0.2536,0.09056372549019608,0.03866602223296278,0.10819241503858151,11027.342900326797,37905.96333333333,9945.0,27160.0,420775.0,20160.0,440935.0,29390.0,-227900.0,0.01318053436353602,0.012795946867591178,0.0,1.0,30803.0,30791.0,0.0,12.0,15.0,10.0,18.0,160.0
12,December,s332,fifo,3,3,2,8,40800,10345,30455,0.2536,0.02267156862745098,0.006379893668438859,0.028205549170907895,11677.823187091502,20055.251666666667,10279.0,29596.0,450145.0,23040.0,473185.0,0.0,-257595.0,,,,,,,,,15.0,10.0,18.0,160.0
12,December,s332,urgent_first,3,3,2,8,40800,10345,30455,0.2536,0.5436764705882353,0.8768487191880135,0.430504022328025,12039.805930555556,43434.66833333332,1274.0,17344.0,192550.0,23040.0,215590.0,257595.0,0.0,,,,,,,,,15.0,10.0,18.0,160.0
12,December,s332,rl3_dqn,3,3,2,8,40800,10345,30455,0.2536,0.08600490196078431,0.03837602706621556,0.1021835494992612,11075.492202205884,37448.64499999979,9948.0,27343.0,422650.0,23040.0,445690.0,27495.0,-230100.0,0.013116457257881237,0.013084415584415584,1.0,0.0,30801.0,30800.0,1.0,0.0,15.0,10.0,18.0,160.0
12,December,s432,fifo,4,3,2,9,40800,10345,30455,0.2536,0.06367647058823529,0.008506524891251812,0.08241668034805451,3209.380611111111,5287.658333333333,10257.0,27945.0,433305.0,25920.0,459225.0,0.0,-300375.0,,,,,,,,,15.0,10.0,18.0,160.0
12,December,s432,urgent_first,4,3,2,9,40800,10345,30455,0.2536,0.6802696078431373,0.9520541324311261,0.5879494335905434,3238.6698231209148,12774.271666666666,496.0,12549.0,132930.0,25920.0,158850.0,300375.0,0.0,,,,,,,,,15.0,10.0,18.0,160.0
12,December,s432,rl3_dqn,4,3,2,9,40800,10345,30455,0.2536,0.2685294117647059,1.0,0.02006238712855032,3254.3675796568627,6353.703333333333,0.0,29844.0,298440.0,25920.0,324360.0,134865.0,-165510.0,0.9782743089287291,0.9822209545540977,0.941358024691358,0.8662420382165605,11323.0,10518.0,648.0,157.0,15.0,10.0,18.0,160.0
