worker_cost_per_hour,month,month_name,best_regime,best_policy,total_workers,total_sla,urgent_sla,normal_sla,estimated_late_cost,estimated_worker_cost,estimated_total_cost
8,1,January,s32211,urgent_first,9,1.0,1.0,1.0,0.0,11520.0,11520.0
8,2,February,s32211,urgent_first,9,1.0,1.0,1.0,0.0,11520.0,11520.0
8,3,March,s32211,urgent_first,9,0.9957,1.0,0.9951,420.0,11520.0,11940.0
8,4,April,s32211,urgent_first,9,0.9879,1.0,0.9863,1165.0,11520.0,12685.0
8,5,May,s42211,urgent_first,10,1.0,1.0,1.0,0.0,12800.0,12800.0
8,6,June,s42211,urgent_first,10,1.0,1.0,1.0,0.0,12800.0,12800.0
8,7,July,s32211,urgent_first,9,1.0,1.0,1.0,0.0,11520.0,11520.0
8,8,August,s32211,urgent_first,9,1.0,1.0,1.0,0.0,11520.0,11520.0
8,9,September,s32211,urgent_first,9,0.9952,1.0,0.9945,465.0,11520.0,11985.0
8,10,October,s42211,urgent_first,10,0.9982,1.0,0.998,195.0,12800.0,12995.0
8,11,November,s42211,urgent_first,10,0.3521,1.0,0.2636,90290.0,12800.0,103090.0
8,12,December,s42211,urgent_first,10,0.3407,1.0,0.2462,101145.0,12800.0,113945.0
10,1,January,s32211,urgent_first,9,1.0,1.0,1.0,0.0,14400.0,14400.0
10,2,February,s32211,urgent_first,9,1.0,1.0,1.0,0.0,14400.0,14400.0
10,3,March,s32211,urgent_first,9,0.9957,1.0,0.9951,420.0,14400.0,14820.0
10,4,April,s32211,urgent_first,9,0.9879,1.0,0.9863,1165.0,14400.0,15565.0
10,5,May,s42211,urgent_first,10,1.0,1.0,1.0,0.0,16000.0,16000.0
10,6,June,s42211,urgent_first,10,1.0,1.0,1.0,0.0,16000.0,16000.0
10,7,July,s32211,urgent_first,9,1.0,1.0,1.0,0.0,14400.0,14400.0
10,8,August,s32211,urgent_first,9,1.0,1.0,1.0,0.0,14400.0,14400.0
10,9,September,s32211,urgent_first,9,0.9952,1.0,0.9945,465.0,14400.0,14865.0
10,10,October,s42211,urgent_first,10,0.9982,1.0,0.998,195.0,16000.0,16195.0
10,11,November,s42211,urgent_first,10,0.3521,1.0,0.2636,90290.0,16000.0,106290.0
10,12,December,s42211,urgent_first,10,0.3407,1.0,0.2462,101145.0,16000.0,117145.0
12,1,January,s32211,urgent_first,9,1.0,1.0,1.0,0.0,17280.0,17280.0
12,2,February,s32211,urgent_first,9,1.0,1.0,1.0,0.0,17280.0,17280.0
12,3,March,s32211,urgent_first,9,0.9957,1.0,0.9951,420.0,17280.0,17700.0
12,4,April,s32211,urgent_first,9,0.9879,1.0,0.9863,1165.0,17280.0,18445.0
12,5,May,s42211,urgent_first,10,1.0,1.0,1.0,0.0,19200.0,19200.0
12,6,June,s42211,urgent_first,10,1.0,1.0,1.0,0.0,19200.0,19200.0
12,7,July,s32211,urgent_first,9,1.0,1.0,1.0,0.0,17280.0,17280.0
12,8,August,s32211,urgent_first,9,1.0,1.0,1.0,0.0,17280.0,17280.0
12,9,September,s32211,urgent_first,9,0.9952,1.0,0.9945,465.0,17280.0,17745.0
12,10,October,s42211,urgent_first,10,0.9982,1.0,0.998,195.0,19200.0,19395.0
12,11,November,s42211,urgent_first,10,0.3521,1.0,0.2636,90290.0,19200.0,109490.0
12,12,December,s42211,urgent_first,10,0.3407,1.0,0.2462,101145.0,19200.0,120345.0
15,1,January,s32211,urgent_first,9,1.0,1.0,1.0,0.0,21600.0,21600.0
15,2,February,s32211,urgent_first,9,1.0,1.0,1.0,0.0,21600.0,21600.0
15,3,March,s32211,urgent_first,9,0.9957,1.0,0.9951,420.0,21600.0,22020.0
15,4,April,s32211,urgent_first,9,0.9879,1.0,0.9863,1165.0,21600.0,22765.0
15,5,May,s42211,urgent_first,10,1.0,1.0,1.0,0.0,24000.0,24000.0
15,6,June,s42211,urgent_first,10,1.0,1.0,1.0,0.0,24000.0,24000.0
15,7,July,s32211,urgent_first,9,1.0,1.0,1.0,0.0,21600.0,21600.0
15,8,August,s32211,urgent_first,9,1.0,1.0,1.0,0.0,21600.0,21600.0
15,9,September,s32211,urgent_first,9,0.9952,1.0,0.9945,465.0,21600.0,22065.0
15,10,October,s42211,urgent_first,10,0.9982,1.0,0.998,195.0,24000.0,24195.0
15,11,November,s42211,urgent_first,10,0.3521,1.0,0.2636,90290.0,24000.0,114290.0
15,12,December,s42211,urgent_first,10,0.3407,1.0,0.2462,101145.0,24000.0,125145.0
18,1,January,s32211,urgent_first,9,1.0,1.0,1.0,0.0,25920.0,25920.0
18,2,February,s32211,urgent_first,9,1.0,1.0,1.0,0.0,25920.0,25920.0
18,3,March,s32211,urgent_first,9,0.9957,1.0,0.9951,420.0,25920.0,26340.0
18,4,April,s32211,urgent_first,9,0.9879,1.0,0.9863,1165.0,25920.0,27085.0
18,5,May,s42211,urgent_first,10,1.0,1.0,1.0,0.0,28800.0,28800.0
18,6,June,s42211,urgent_first,10,1.0,1.0,1.0,0.0,28800.0,28800.0
18,7,July,s32211,urgent_first,9,1.0,1.0,1.0,0.0,25920.0,25920.0
18,8,August,s32211,urgent_first,9,1.0,1.0,1.0,0.0,25920.0,25920.0
18,9,September,s32211,urgent_first,9,0.9952,1.0,0.9945,465.0,25920.0,26385.0
18,10,October,s42211,urgent_first,10,0.9982,1.0,0.998,195.0,28800.0,28995.0
18,11,November,s42211,urgent_first,10,0.3521,1.0,0.2636,90290.0,28800.0,119090.0
18,12,December,s42211,urgent_first,10,0.3407,1.0,0.2462,101145.0,28800.0,129945.0
20,1,January,s32211,urgent_first,9,1.0,1.0,1.0,0.0,28800.0,28800.0
20,2,February,s32211,urgent_first,9,1.0,1.0,1.0,0.0,28800.0,28800.0
20,3,March,s32211,urgent_first,9,0.9957,1.0,0.9951,420.0,28800.0,29220.0
20,4,April,s32211,urgent_first,9,0.9879,1.0,0.9863,1165.0,28800.0,29965.0
20,5,May,s42211,urgent_first,10,1.0,1.0,1.0,0.0,32000.0,32000.0
20,6,June,s32211,urgent_first,9,0.9708,1.0,0.9667,2890.0,28800.0,31690.0
20,7,July,s32211,urgent_first,9,1.0,1.0,1.0,0.0,28800.0,28800.0
20,8,August,s32211,urgent_first,9,1.0,1.0,1.0,0.0,28800.0,28800.0
20,9,September,s32211,urgent_first,9,0.9952,1.0,0.9945,465.0,28800.0,29265.0
20,10,October,s42211,urgent_first,10,0.9982,1.0,0.998,195.0,32000.0,32195.0
20,11,November,s42211,urgent_first,10,0.3521,1.0,0.2636,90290.0,32000.0,122290.0
20,12,December,s42211,urgent_first,10,0.3407,1.0,0.2462,101145.0,32000.0,133145.0
25,1,January,s32211,urgent_first,9,1.0,1.0,1.0,0.0,36000.0,36000.0
25,2,February,s32211,urgent_first,9,1.0,1.0,1.0,0.0,36000.0,36000.0
25,3,March,s32211,urgent_first,9,0.9957,1.0,0.9951,420.0,36000.0,36420.0
25,4,April,s32211,urgent_first,9,0.9879,1.0,0.9863,1165.0,36000.0,37165.0
25,5,May,s42211,urgent_first,10,1.0,1.0,1.0,0.0,40000.0,40000.0
25,6,June,s32211,urgent_first,9,0.9708,1.0,0.9667,2890.0,36000.0,38890.0
25,7,July,s32211,urgent_first,9,1.0,1.0,1.0,0.0,36000.0,36000.0
25,8,August,s32211,urgent_first,9,1.0,1.0,1.0,0.0,36000.0,36000.0
25,9,September,s32211,urgent_first,9,0.9952,1.0,0.9945,465.0,36000.0,36465.0
25,10,October,s42211,urgent_first,10,0.9982,1.0,0.998,195.0,40000.0,40195.0
25,11,November,s42211,urgent_first,10,0.3521,1.0,0.2636,90290.0,40000.0,130290.0
25,12,December,s42211,urgent_first,10,0.3407,1.0,0.2462,101145.0,40000.0,141145.0
30,1,January,s32211,urgent_first,9,1.0,1.0,1.0,0.0,43200.0,43200.0
30,2,February,s32211,urgent_first,9,1.0,1.0,1.0,0.0,43200.0,43200.0
30,3,March,s32211,urgent_first,9,0.9957,1.0,0.9951,420.0,43200.0,43620.0
30,4,April,s32211,urgent_first,9,0.9879,1.0,0.9863,1165.0,43200.0,44365.0
30,5,May,s42211,urgent_first,10,1.0,1.0,1.0,0.0,48000.0,48000.0
30,6,June,s32211,urgent_first,9,0.9708,1.0,0.9667,2890.0,43200.0,46090.0
30,7,July,s32211,urgent_first,9,1.0,1.0,1.0,0.0,43200.0,43200.0
30,8,August,s32211,urgent_first,9,1.0,1.0,1.0,0.0,43200.0,43200.0
30,9,September,s32211,urgent_first,9,0.9952,1.0,0.9945,465.0,43200.0,43665.0
30,10,October,s42211,urgent_first,10,0.9982,1.0,0.998,195.0,48000.0,48195.0
30,11,November,s42211,urgent_first,10,0.3521,1.0,0.2636,90290.0,48000.0,138290.0
30,12,December,s42211,urgent_first,10,0.3407,1.0,0.2462,101145.0,48000.0,149145.0
